Club ID,Club,Terminal ID,Terminal Priority,Club's Players,Clubs' Rounds,Terminal's Players,Terminal's Rounds,Terminal Type,Ownership Type,Operating System,Modem Type,Mobile Number,Connectivity Type,Card Reader Type,Date of First Use,Terminal Distribution Date,Current Date,Terminal Age,Monthly Working Days,Estimated Online Hours (10hr/day),Actual Offline Hours (10hr/day),Total Offline Hours (10hr/day),Terminal Priority Weight,Club Priority Weight,Terminal Priority Rank,Club Priority Rank
1,BLAIR ATHOLL,5300000464,100,156,9920,209,572,Mecer X22S,HNA,64 bit Windows 10 Home,N/A,N/A,Club Internet,Partner MSR213U,11.08.2016,09.11.2021,11.01.2022,5 year(s) 5 month(s),313,3130,825.57,990.67,0%,0%,199,181
2,BRYANSTON COUNTRY CLUB,5300000256,50,1694,41326,279,1666,Club Machine,Club,Unknown,None,N/A,Club Internet,Unknown,,01.07.2010,11.01.2022,0 year(s) 0 month(s),365,3650,303.31,303.31,0.01%,0.01%,16,6
2,BRYANSTON COUNTRY CLUB,5300000648,50,1694,41326,30,70,Club Machine,Club,Unknown,None,N/A,Club Internet,Unknown,,01.07.2010,11.01.2022,0 year(s) 0 month(s),365,3650,1390.3,1390.3,0.01%,0.01%,12,6
3,CMR GOLF CLUB,5300000285,100,361,18323,239,1847,Lenovo M810Z,HNA,64 bit Windows 10 Pro,None,N/A,Club Internet,Gigatek MSR250HK,22.08.2019,22.08.2019,11.01.2022,2 year(s) 4 month(s),313,3130,144.81,184.51,0%,0%,133,117
4,THE COUNTRY CLUB JOHANNESBURG,5300000486,50,3143,81562,0,0,Mecer X22S,Club,64 bit Windows 10 Home,None,N/A,Club Internet,Gigatek MSR250HK,03.12.2018,03.12.2018,11.01.2022,3 year(s) 1 month(s),365,3650,3650,3650,0.01%,0.03%,1,1
4,THE COUNTRY CLUB JOHANNESBURG,5300000487,50,3143,81562,53,138,HP Compaq Elite 8300,HNA,64 bit Windows 10 Pro,None,N/A,Club Internet,Gigatek MSR250HK,26.11.2019,26.11.2019,11.01.2022,2 year(s) 1 month(s),365,3650,2775.1,2775.1,0.01%,0.03%,2,1
6,DAINFERN COUNTRY CLUB,5300000325,33,575,30072,83,261,Dell 7440,HNA,64bit Windows 10 Pro,N/A,N/A,Club Internet,Partner MSR213U,06.01.2022,06.01.2022,11.01.2022,0 year(s) 0 month(s),313,3130,1773.62,2140.99,0%,0%,50,48
8,EAGLE CANYON,5300000321,50,2036,30857,0,0,Club Machine,Club,Unknown,None,N/A,Club Internet,Unknown,,01.07.2010,11.01.2022,0 year(s) 0 month(s),313,3130,3130,3650,0.01%,0.01%,8,4
8,EAGLE CANYON,5300000394,50,2036,30857,184,831,MECER X22S,HNA,64 bit Windows 10 Home,None,N/A,Club Internet,Gigatek MSR250HK,14.03.2018,23.10.2019,11.01.2022,3 year(s) 9 month(s),313,3130,245.4,314.31,0.01%,0.01%,21,4
9,EBOTSE LINKS,5300000193,100,319,18724,81,183,MSI AP190,HNA,64 bit Windows 8.1,None,N/A,Club Internet,Champtek MR800,30.09.2015,30.09.2015,11.01.2022,6 year(s) 3 month(s),313,3130,995.26,1240.63,0%,0%,115,101
10,EMFULENI COUNTRY CLUB,5300000710,100,395,13727,81,226,Mecer X22S,HNA,64 bit Windows 10 Home,None,N/A,Club Internet,Magtek 21040108,06.03.2018,06.03.2018,11.01.2022,3 year(s) 10 month(s),365,3650,2311.93,2311.93,0%,0%,105,93
11,GERMISTON GOLF CLUB,5300000006,100,594,15504,117,306,MSI AP190,HNA,64 bit Windows 8.1,Vodafone K3772,726230757,Vodacom,Magtek 21040108,01.07.2015,01.07.2015,11.01.2022,6 year(s) 6 month(s),313,3130,2297.06,2714.38,0%,0%,86,79
12,GLENDOWER GOLF CLUB,5300000266,100,417,25401,179,1180,Mecer X22S,HNA,64 bit Windows 10 Pro,None,N/A,Club Internet,Partner MSR213U,17.08.2016,29.07.2020,11.01.2022,5 year(s) 4 month(s),313,3130,624.26,1100.99,0%,0%,92,84
13,GLENVISTA COUNTRY CLUB,5300000650,100,453,19196,112,684,MSI AP190,,64 bit Windows 8.1,None,N/A,Club Internet,Magtek 21040108,19.05.2015,19.05.2015,11.01.2022,6 year(s) 7 month(s),365,3650,855.61,855.61,0%,0%,107,95
14,HOUGHTON GOLF CLUB,5300000206,100,493,24482,0,0,Mecer X22S,HNA,64 bit Windows 10 Home,None,N/A,Club Internet,Magtek 21040108,31.08.2016,20.01.2020,11.01.2022,5 year(s) 4 month(s),313,3130,3130,3650,0%,0%,52,50
16,Jackal Creek Golf Club,5300000524,100,427,21754,288,1433,Asus Screen & NUC7CJYH,HNA,64bit Windows 10 Pro,None,N/A,Club Internet,Gigatek MSR250HK,15.01.2021,15.01.2021,11.01.2022,0 year(s) 11 month(s),313,3130,650.17,778.04,0%,0%,104,92
17,KILLARNEY COUNTRY CLUB,5300000007,50,359,21243,106,367,Asus Screen & NUC7CJYH,HNA,64 bit Windows 10 Pro,None,N/A,Club Internet,Magtek 21040108,03.03.2021,03.03.2021,11.01.2022,0 year(s) 10 month(s),313,3130,603.75,701.09,0%,0.01%,111,25
17,KILLARNEY COUNTRY CLUB,5300000047,50,359,21243,6,10,Asus Screen & NUC7CJYH,HNA,64 bit Windows 10 Pro,None,N/A,Club Internet,Magtek 21040108,03.03.2021,03.03.2021,11.01.2022,0 year(s) 10 month(s),313,3130,1994.58,2411.36,0%,0.01%,87,25
18,KRUGERSDORP GOLF CLUB,5300000334,100,754,28888,490,4583,MSI AP190,HNA,64 bit Windows 8.1,None,N/A,Club Internet,Magtek 21040108,18.02.2015,18.02.2015,11.01.2022,6 year(s) 10 month(s),313,3130,17.99,17.99,0%,0%,69,65
19,KYALAMI COUNTRY CLUB,5300000045,100,500,32285,51,142,Dell 5270,HNA,64bit Windows 10 Pro,None,N/A,Club Internet,Magtek 21040108,19.10.2021,19.10.2021,11.01.2022,0 year(s) 2 month(s),365,3650,2922.16,2922.16,0%,0%,34,33
21,MACCAUVLEI,5300000008,100,400,17441,194,1584,HP Compaq Elite 8300,HNA,64 bit Windows 10 Pro,N/A,N/A,Club Internet,Gigatek MSR250HK,27.01.2020,26.06.2020,11.01.2022,1 year(s) 11 month(s),313,3130,180.14,213.64,0%,0%,132,116
22,MEYERTON GOLF CLUB,5300000592,100,255,4544,23,93,Mecer LE22BW Screen & NUC7CJYH,HNA,64 bit Windows 10 Pro,None,N/A,Club Internet,Gigatek MSR250HK,07.09.2021,07.09.2021,11.01.2022,0 year(s) 4 month(s),365,3650,3321.36,3321.36,0%,0%,134,118
23,MODDERFONTEIN GOLF CLUB,5300000010,100,470,22457,201,1439,DELL 5270,HNA,64 bit Windows 10 Home,None,N/A,Club Internet,Gigatek MSR250HK,02.02.2021,02.02.2021,11.01.2022,0 year(s) 11 month(s),313,3130,437.21,498.33,0%,0%,102,90
24,OBSERVATORY GOLF CLUB,5300000229,100,1037,9412,117,760,Mecer X22S,HNA,64 bit Windows 10 Home,None,N/A,Club Internet,Gigatek MSR250HK,24.10.2016,07.10.2020,11.01.2022,5 year(s) 2 month(s),365,3650,1153.07,1153.07,0%,0%,97,87
25,PARKVIEW GOLF CLUB,5300000125,100,703,37417,205,2070,Mecer X22S,HNA,64 bit Windows 10 Home,None,N/A,Club Internet,Magtek 21040108,07.07.2016,12.02.2020,11.01.2022,5 year(s) 6 month(s),313,3130,57.21,69.22,0%,0%,44,42
27,RANDPARK GOLF CLUB,5300000743,100,2197,82890,72,201,Lenovo M810Z,HNA,64 bit Windows 10 Pro,None,N/A,Club Internet,Gigatek MSR250HK,26.03.2019,26.03.2019,11.01.2022,2 year(s) 9 month(s),91,910,33.7,2771.39,0.01%,0.01%,3,9
28,READING COUNTRY CLUB,5300000011,100,588,27141,208,1236,Lenovo M810Z,HNA,64 bit Windows 10 Pro,None,N/A,Club Internet,Gigatek MSR250HK,29.01.2019,29.01.2019,11.01.2022,2 year(s) 11 month(s),313,3130,256.2,305.17,0%,0%,81,74
29,RIVIERA ON VAAL COUNTRY CLUB,5300000303,100,220,9025,116,663,Mecer X22S,HNA,64 bit Windows 10 Home,None,N/A,Club Internet,Magtek 21040108,28.06.2016,26.11.2018,11.01.2022,5 year(s) 6 month(s),365,3650,1076.51,1076.51,0%,0%,183,165
30,RUIMSIG COUNTRY CLUB,5300000343,50,658,32644,13,23,HP Compaq Elite 8300,HNA,64 bit Windows 10 Pro,None,N/A,Club Internet,Gigatek MSR250HK,17.12.2019,17.12.2019,11.01.2022,2 year(s) 0 month(s),313,3130,2944.24,3444.24,0%,0.01%,32,12
30,RUIMSIG COUNTRY CLUB,5300000595,50,658,32644,586,5607,DELL 3050,Club,64 bit Windows 10 Pro,None,N/A,Club Internet,Gigatek MSR250Hk,10.07.2019,10.07.2019,11.01.2022,2 year(s) 6 month(s),313,3130,204.82,350.82,0%,0.01%,63,12
31,ROYAL J & K Golf Club,5300000399,50,1031,48924,155,581,Mecer X22S,HNA,64 bit Windows 10 Home,None,N/A,Club Internet,Partner MSR213U,01.08.2016,15.01.2020,11.01.2022,5 year(s) 5 month(s),365,3650,1169.44,1169.44,0.01%,0.01%,18,7
31,ROYAL J & K Golf Club,5300000688,50,1031,48924,33,66,Mecer X22S,HNA,64 bit Windows 10 Home,None,N/A,Club Internet,Magtek 21040108,13.03.2017,23.11.2021,11.01.2022,4 year(s) 9 month(s),365,3650,1516.55,1516.55,0.01%,0.01%,15,7
32,SOUTHDOWNS COUNTRY CLUB,5300000064,100,570,19119,160,1399,Mecer LE22BW Screen & NUC7CJYH,HNA,64bit Windows 10 Pro,None,N/A,Club Internet,Gigatek MSR250HK,18.08.2021,18.08.2021,11.01.2022,0 year(s) 4 month(s),313,3130,212.93,268.8,0%,0%,110,98
33,SOWETO COUNTRY CLUB,5300000359,100,147,4130,130,1217,Dell 3050,HNA,64 bit Windows 10 Pro,Vodafone K3565 Rev 2,726238490,Vodacom,Gigatek MSR250HK,21.05.2021,21.05.2021,11.01.2022,0 year(s) 7 month(s),104,1040,400.77,1635.66,0%,0%,314,291
34,THE RIVER CLUB,5300000280,100,496,12517,121,546,HP Compaq Elite 8300 ,HNA,64 bit Windows 10 Pro,None,N/A,Club Internet,Gigatek MSR250HK,12.11.2019,26.06.2020,11.01.2022,2 year(s) 1 month(s),313,3130,929.84,1116.79,0%,0%,126,110
35,WANDERERS GOLF CLUB,5300000054,33,590,24164,100,311,MSI 1941,HNA,Windows 7,None,N/A,Club Internet,Gigatek MSR250HK,04.12.2019,04.12.2019,11.01.2022,2 year(s) 1 month(s),365,3650,1134.75,1134.75,0%,0%,76,71
37,Eye of Africa Golf Club,5300000554,100,176,14606,276,811,Mecer X22S,HNA,64 bit Windows 10 Home,None,N/A,Club Internet,Magtek 21040108,01.09.2016,01.09.2016,11.01.2022,5 year(s) 4 month(s),365,3650,447.69,447.69,0%,0%,168,149
39,AVION PARK GOLF CLUB,5300000320,100,222,3947,188,1869,Mecer X22S,HNA,64 bit Windows 10 Home,N/A,N/A,Club Internet,Magtek 21040108,28.09.2017,04.05.2018,11.01.2022,4 year(s) 3 month(s),313,3130,996.83,1204.57,0%,0%,246,228
41,BENONI COUNTRY CLUB,5300000013,100,776,26226,354,2147,Mecer X22S,HNA,64 bit Windows 10 Home,Vodafone K3565 Rev 2,726230746,Vodacom,Magtek 21040108,24.08.2016,14.12.2018,11.01.2022,5 year(s) 4 month(s),365,3650,1356.27,1356.27,0%,0%,56,54
42,BENONI LAKE GOLF CLUB,5300000014,100,638,20493,388,2917,MSI AP190,HNA,64 bit Windows 8.1,None,N/A,Club Internet,Magtek 21040108,23.03.2015,23.03.2015,11.01.2022,6 year(s) 9 month(s),365,3650,289.88,289.88,0%,0.01%,100,21
42,BENONI LAKE GOLF CLUB,5300000735,100,638,20493,64,150,Dell 3050,Club,64 bit Windows 10 Pro,N/A,N/A,Club Internet,Gigatek MSR250HK,27.08.2019,27.08.2019,11.01.2022,2 year(s) 4 month(s),365,3650,1894.02,1894.02,0%,0.01%,72,21
43,DAVEYTON GOLF CLUB,5300000015,100,53,20,8,64,MSI Windtop 1941,HNA,32 bit Windows 7 Home Basic SP1,Vodafone K3772,726237232,Vodacom,Champtek MR800,21.10.2013,29.08.2016,11.01.2022,8 year(s) 2 month(s),104,1040,749.79,2633.26,0%,0%,396,373
44,DELMAS GOLF CLUB,5300000107,100,89,778,33,95,Mecer X22S,HNA,64 bit Windows 10 Home,N/A,N/A,Club Internet,Magtek 21040108,17.08.2016,21.01.2020,11.01.2022,5 year(s) 4 month(s),261,2610,2202.5,3041.77,0%,0%,244,226
46,ERPM GOLF CLUB,5300000557,100,433,18684,264,1995,Lenovo M810Z,HNA,64 bit Windows 10 Home ,None,N/A,Club Internet,Gigatek MSR250HK,12.07.2019,12.07.2019,11.01.2022,2 year(s) 5 month(s),365,3650,16.46,16.46,0%,0%,124,108
47,HEIDELBERG GOLF CLUB,5300000200,100,229,3076,170,2103,Mecer LE22BW Screen & NUC7CJYH,HNA,64 bit Windows 10 Home,None,N/A,Club Internet,Partner MSR213U,01.12.2021,01.12.2021,11.01.2022,0 year(s) 1 month(s),365,3650,613.81,613.81,0%,0%,289,268
49,KEMPTON PARK GOLF CLUB,5300000016,100,613,12945,247,2738,Dell 3050,HNA,64 bit Windows 10 Pro,None,N/A,Club Internet,Gigatek MSR250HK,07.01.2020,07.01.2020,11.01.2022,2 year(s) 0 month(s),313,3130,459.53,558.06,0%,0%,125,109
50,NIGEL GOLF CLUB,5300000344,50,177,5010,195,6171,MSI AP190,HNA,32 bit Windows 8.1 Embedded,N/A,N/A,Club Internet,Magtek 21040108,08.04.2015,22.09.2020,11.01.2022,6 year(s) 9 month(s),313,3130,691.31,999.22,0%,0%,265,245
51,POLLAK PARK GOLF CLUB,5300000017,50,409,13813,0,0,Mecer X22S,HNA,64 bit Windows 10 Home,None,N/A,Club Internet,Gigatek MSR250HK,30.01.2017,29.01.2019,11.01.2022,4 year(s) 11 month(s),313,3130,3130,3650,0%,0.01%,90,27
51,POLLAK PARK GOLF CLUB,5300000591,50,409,13813,366,1971,MSI Windtop 1920,Club,32 bit Windows 7 Home Premium SP1,None,N/A,Club Internet,Magtek 21040108,01.07.2010,01.07.2010,11.01.2022,11 year(s) 6 month(s),365,3650,1393.21,1393.21,0%,0.01%,117,27
52,ROYAL OAK COUNTRY CLUB,5300000018,100,205,10094,253,1871,MSI AP190,HNA,64 bit Windows 8.1,None,N/A,Club Internet,Magtek 21040108,08.06.2015,23.03.2020,11.01.2022,6 year(s) 7 month(s),365,3650,388.78,388.78,0%,0%,210,192
53,SAPS MECH GOLF CLUB,5300000360,100,217,2197,109,1996,Mecer X22S,HNA,64 bit Windows 10 Home,Vodafone K3565 Rev 2,726236384,Vodacom,Magtek 21040108,22.03.2018,09.01.2020,11.01.2022,3 year(s) 9 month(s),104,1040,127.65,1080.5,0%,0%,350,327
54,SERENGETI GOLF CLUB,5300000520,50,427,21048,381,1121,Mecer LE22BW Screen & NUC7CJYH,HNA,64 bit Windows 10 Home,None,N/A,Club Internet,Gigatek MSR250HK,11.06.2021,11.06.2021,11.01.2022,0 year(s) 7 month(s),365,3650,432.18,432.18,0%,0%,109,97
55,STATE MINES COUNTRY CLUB,5300000019,100,410,18222,370,2188,Lenovo M810Z,HNA,64 bit Windows 10 Pro,None,N/A,Club Internet,Gigatek MSR250HK,14.08.2019,14.08.2019,11.01.2022,2 year(s) 4 month(s),365,3650,370.48,370.48,0%,0%,120,104
56,AKASIA GOLF CLUB,5300000313,100,1654,22113,204,1701,MECER X22S,HNA,64 bit Windows 10 Home,None,N/A,Club Internet,Magtek 21040108,12.09.2017,12.09.2017,11.01.2022,4 year(s) 3 month(s),365,3650,267.16,267.16,0%,0%,36,35
57,AMANDELBULT GOLF CLUB,5300000556,100,213,1200,102,867,Mecer X22S,HNA,64 bit Windows 10 Home,D-Link 4G Mobile Router,726230872,Vodacom,Magtek 21040108,28.07.2017,28.07.2017,11.01.2022,4 year(s) 5 month(s),365,3650,1317.08,1317.08,0%,0%,267,247
58,BLUE VALLEY GOLF ESTATE,5300000262,100,187,16744,66,153,Mecer X22S T+,HNA,64 bit Windows 10 Home,N/A,N/A,Club Internet,Magtek 21040108,31.10.2019,31.10.2019,11.01.2022,2 year(s) 2 month(s),365,3650,2666.44,2666.44,0%,0%,103,91
59,BRONKHORSTSPRUIT GOLF CLUB,5300000315,100,668,11823,301,1395,Lenovo M810Z,HNA,64 bit Windows 10 Pro,None,N/A,Club Internet,Magtek 21040108,18.03.2019,18.03.2019,11.01.2022,2 year(s) 9 month(s),365,3650,252.27,252.27,0%,0%,131,115
60,CENTURION COUNTRY CLUB,5300000103,100,681,33551,0,0,Mecer X22S,HNA,64 bit Windows 10 Home,None,N/A,Club Internet,Gigatek MSR250HK,07.07.2016,07.07.2016,11.01.2022,5 year(s) 6 month(s),365,3650,3650,3650,0.01%,0.01%,29,30
61,CULLINAN GOLF CLUB,5300000326,100,366,10522,251,1316,Mecer X22S,HNA,64 bit Windows 10 Home,None,N/A,Club Internet,Magtek 21040108,10.06.2016,02.10.2019,11.01.2022,5 year(s) 7 month(s),313,3130,169.29,186.62,0%,0%,184,166
62,THE ELS CLUB-Copperleaf,5300000110,100,397,22029,81,193,MSI 1941,HNA,Windows 7,None,N/A,Club Internet,Champtek,01.01.2015,01.01.2015,11.01.2022,7 year(s) 0 month(s),313,3130,579.13,736.59,0%,0%,106,94
63,HILLSIDE GOLF CLUB,5300000072,100,278,29,0,0,Mecer X22S,HNA,64 bit Windows 10 Home,Vodafone K3772 - Z,726237103,Vodacom,Partner MSR213U,29.09.2016,25.06.2020,11.01.2022,5 year(s) 3 month(s),365,3650,3621.27,3621.27,0%,0%,150,134
64,IRENE COUNTRY CLUB,5300000329,100,849,31014,304,1490,MSI AP190,HNA,64 bit Windows 8.1,None,N/A,Club Internet,Champtek MR800,23.10.2015,23.10.2015,11.01.2022,6 year(s) 2 month(s),365,3650,571.5,571.5,0%,0%,49,47
65,MAGALIESPARK COUNTRY CLUB,5300000220,100,1166,23338,724,2399,Mecer X22S,HNA,64 bit Windows 10 Home,None,N/A,Club Internet,Partner MSR213U,11.08.2016,21.01.2020,11.01.2022,5 year(s) 5 month(s),365,3650,360.4,360.4,0%,0%,58,56
66,PEBBLE ROCK COUNTRY CLUB,5300000289,100,535,12324,444,1233,Mecer LE22BW Screen & NUC7CJYH,HNA,64 bit Windows 10 Pro,None,N/A,Club Internet,Magtek 21040108,03.06.2021,03.06.2021,11.01.2022,0 year(s) 7 month(s),365,3650,493.65,493.65,0%,0%,139,123
67,PECANWOOD GOLF & CC,5300000275,100,827,25041,168,392,HP Compaq Elite 8300,HNA,64 bit Windows 10 Pro,None,N/A,Club Internet,Gigatek MSR250HK,17.01.2020,17.01.2020,11.01.2022,1 year(s) 11 month(s),313,3130,450.47,588.72,0%,0%,70,66
68,PRETORIA COUNTRY CLUB,5300000129,50,1139,30994,1,3,Dell 3050,Club,64 bit Windows 10 Home,None,N/A,Club Internet,Gigatek MSR250HK,12.10.2021,12.10.2021,11.01.2022,0 year(s) 2 month(s),313,3130,2789.2,3249.2,0.01%,0.01%,26,11
68,PRETORIA COUNTRY CLUB,5300000559,50,1139,30994,372,1897,Dell 3050,HNA,64 bit Windows 10 Pro,None,N/A,Club Internet,Magtek 21040108,10.09.2019,10.09.2019,11.01.2022,2 year(s) 4 month(s),261,2610,33.4,79.44,0%,0.01%,39,11
69,PRETORIA GOLF CLUB,5300000130,100,377,12447,164,900,Mecer X22S,HNA,64 bit Windows 10 Home,N/A,N/A,Club Internet,Magtek 21040108,13.02.2018,07.05.2019,11.01.2022,3 year(s) 10 month(s),365,3650,561.88,561.88,0%,0%,154,138
71,SANDONIA GOLF CLUB,5300000276,100,174,1412,33,206,MSI Windtop 1941,HNA,32 bit Windows 7 Home Basic SP1,Vodafone K3565 Rev 2,726238622,Vodacom,Champtek MR800,25.07.2014,27.09.2016,11.01.2022,7 year(s) 5 month(s),104,1040,733.45,3096.59,0%,0%,326,303
72,SANDY LANE GOLF CLUB,5300000277,100,216,6170,0,0,Mecer X22S,HNA,64 bit Windows 10 Home,None,N/A,Club Internet,Magtek 21040108,17.11.2017,14.07.2020,11.01.2022,4 year(s) 1 month(s),52,520,520,3650,0%,0%,249,231
74,SERVICES GOLF CLUB,5300000234,34,640,22607,715,3465,Dell 3050,HNA,64 bit Windows 10 Pro,N/A,N/A,Club Internet,Gigatek MSR250HK,07.08.2020,07.08.2020,11.01.2022,1 year(s) 5 month(s),365,3650,248.74,248.74,0%,0%,95,85
75,SILVER LAKES GOLF & WILDLIFE ESTATE,5300000636,100,783,32663,195,795,Dell 3050,HNA,64 bit Windows 10 Pro,None,N/A,Club Internet,Gigatek MSR250HK,07.10.2019,07.10.2019,11.01.2022,2 year(s) 3 month(s),365,3650,258.14,258.14,0%,0%,53,51
76,THABAZIMBI GOLF CLUB,5300000239,100,197,4083,333,4687,Mecer X22S,HNA,64 bit Windows 10 Home,None,N/A,Club Internet,Partner MSR213U,19.07.2017,05.08.2020,11.01.2022,4 year(s) 5 month(s),365,3650,141.35,141.35,0%,0%,322,299
77,WATERKLOOF GOLF CLUB,5300000532,100,685,33970,195,643,Lenovo M810Z,HNA,64 bit Windows 10 Pro,None,N/A,Club Internet,Gigatek MSR250HK,15.08.2019,15.08.2019,11.01.2022,2 year(s) 4 month(s),365,3650,819.62,819.62,0%,0%,45,43
78,WINGATE PARK COUNTRY CLUB,5300000089,100,1572,42802,118,340,Mecer LE22BW Screen & NUC7CJYH,HNA,64bit Windows 10 Pro,None,N/A,Club Internet,Partner MSR213U,18.05.2021,18.05.2021,11.01.2022,0 year(s) 7 month(s),365,3650,1542.28,1542.28,0.01%,0.01%,13,19
79,WOODHILL COUNTRY CLUB,5300000483,100,776,30504,221,1357,Mecer X22S,HNA,64 bit Windows 10 Home,None,N/A,Club Internet,Magtek 21040108,13.01.2017,06.02.2020,11.01.2022,4 year(s) 11 month(s),365,3650,479.19,479.19,0%,0%,57,55
80,ZWARTKOP COUNTRY CLUB,5300000247,50,836,28641,0,0,Mecer X22S,HNA,64 bit Windows 10 Home,None,N/A,Club Internet,Magtek 21040108,14.06.2016,25.05.2017,11.01.2022,5 year(s) 6 month(s),365,3650,3650,3650,0.01%,0.01%,31,32
81,CALVINIA GOLF CLUB,5300000602,100,56,1029,30,316,Mecer X22S,HNA,64 bit Windows 10 Home,N/A,N/A,Club Internet,Magtek 21040108,26.10.2016,07.05.2019,11.01.2022,5 year(s) 2 month(s),365,3650,2281.32,2281.32,0%,0%,245,227
82,CARNARVON GOLF CLUB,5300000726,100,46,537,48,389,Mecer X22S,Club,64 bit Windows 10 Home ,N/A,N/A,Club Internet,Gigatek MSR250HK,21.01.2019,21.01.2019,11.01.2022,2 year(s) 11 month(s),365,3650,2072.48,2072.48,0%,0%,276,256
83,COLESBERG GOLF CLUB,5300000180,100,53,777,35,547,Mecer X22S,HNA,64 bit Windows 10 Home,Vodafone K3565 Rev 2,726237406,Vodacom,Partner MSR213U,21.07.2016,10.04.2019,11.01.2022,5 year(s) 5 month(s),104,1040,323.79,1332.86,0%,0%,420,397
84,DE AAR GOLF CLUB,5300000182,100,45,812,8,37,Mecer X22S,HNA,64 bit Windows 10 Home,N/A,N/A,Club Internet,Partner MSR213U,18.01.2017,26.03.2021,11.01.2022,4 year(s) 11 month(s),104,1040,866.55,3028.84,0%,0%,377,354
85,DOUGLAS GOLF CLUB,5300000437,100,97,2644,31,122,Mecer X22S,HNA,64 bit Windows 10 Home,None,N/A,Club Internet,Magtek 21040108,28.10.2016,08.11.2017,11.01.2022,5 year(s) 2 month(s),0,0,0,2098.16,0%,0%,399,376
87,HOPETOWN GOLF CLUB,5300000731,100,51,114,0,0,MSI AP190,HNA,64 bit Windows 8.1,N/A,N/A,Club Internet,Magtek 21040108,30.03.2015,06.04.2019,11.01.2022,6 year(s) 9 month(s),365,3650,3650,3650,0%,0%,176,158
89,LOERIESFONTEIN GOLF CLUB,5300000741,100,19,245,17,256,Dell 3050,Club,64bit Windows 10 Pro,Vodafone K3565 Rev 2,726237839,Vodacom,Gigatek MSR250HK,11.06.2021,11.06.2021,11.01.2022,0 year(s) 7 month(s),206,2060,1734.47,3319.13,0%,0%,312,289
95,UPINGTON GOLF CLUB,5300000385,100,127,4051,0,0,MSI AP190,,64 bit Windows 8.1,Vodafone K3565 Rev 2,726238535,Vodacom,Champtek MR800,19.11.2015,19.11.2015,11.01.2022,6 year(s) 1 month(s),104,1040,1040,3649.98,0%,0%,271,251
96,VICTORIA-WES GOLF CLUB,5300000242,100,47,192,3,11,MSI AP190,HNA,64 bit Windows 8.1,Vodafone K3565 Rev 2,726237581,Vodacom,Magtek 21040108,22.04.2015,12.02.2018,11.01.2022,6 year(s) 8 month(s),52,520,495.81,3565.81,0%,0%,416,393
97,WILLISTON GOLF CLUB,5300000021,100,31,253,9,293,Mecer X22S,HNA,64bit Windows 10 Home,Vodafone K3565 Rev 2,726230891,Vodacom,Magtek 21040108,22.03.2018,19.05.2021,11.01.2022,3 year(s) 9 month(s),52,520,303.47,2508.65,0%,0%,427,404
101,BADPLAAS GOLF CLUB,5300000095,100,47,452,98,339,MSI Windtop 1941,HNA,32bit Windows 7 Home Basic SP1,None,N/A,Club Internet,Gigatek MSR250HK,01.10.2014,07.09.2018,11.01.2022,7 year(s) 3 month(s),365,3650,921.75,921.75,0%,0%,380,357
103,BARBERTON GOLF CLUB,5300000420,100,107,3029,156,2499,Mecer X22S,HNA,64 bit Windows 10 Home,None,N/A,Club Internet,Magtek 21040108,27.07.2016,24.10.2017,11.01.2022,5 year(s) 5 month(s),313,3130,714.38,895.94,0%,0%,323,300
105,BETHAL GOLF CLUB,5300000419,100,112,1671,118,894,Mecer X22S,HNA,64 bit Windows 10 Home,Vodafone K3565 Rev 2,726263572,Vodacom,Magtek 21040108,13.06.2017,03.09.2021,11.01.2022,4 year(s) 6 month(s),0,0,0,1997.48,0%,0%,412,389
107,CHROME GOLF CLUB,5300000179,100,129,1649,123,1500,Mecer X22S,Club,64 bit Windows 10 Home,None,N/A,Club Internet,Gigatek MSR250HK,07.09.2018,07.09.2018,11.01.2022,3 year(s) 4 month(s),0,0,0,440.38,0%,0%,407,384
108,ERMELO GOLF CLUB,5300000613,100,223,4483,148,1086,Mecer X22S,HNA,64 bit Windows 10 Home,None,N/A,Club Internet,Partner MSR213U,21.09.2016,16.09.2020,11.01.2022,5 year(s) 3 month(s),0,0,0,1574.15,0%,0%,318,295
109,GRACELAND COUNTRY CLUB,5300000405,100,296,7419,417,3532,Mecer X22S,HNA,64 bit Windows 10 Home,N/A,N/A,Club Internet,Gigatek MSR250HK,11.10.2018,13.05.2019,11.01.2022,3 year(s) 3 month(s),365,3650,288.05,288.05,0%,0%,221,203
110,GREENSIDE COLLIERY GOLF CLUB,5300000158,100,246,2286,285,3453,DELL 5270,HNA,64 bit Windows 10 Home,N/A,N/A,Club Internet,Gigatek MSR250HK,02.02.2021,02.02.2021,11.01.2022,0 year(s) 11 month(s),313,3130,439.49,529.15,0%,0%,308,285
111,GROBLERSDAL GOLF CLUB,5300000649,100,145,2652,232,3007,MSI AP190,HNA,64 bit Windows 8.1,None,N/A,Club Internet,Magtek 21040108,12.06.2015,01.02.2019,11.01.2022,6 year(s) 6 month(s),365,3650,339.95,339.95,0%,0%,349,326
112,KAMBAKU GOLF CLUB,5300000544,100,157,6190,514,2646,Mecer X22S,HNA,64 bit Windows 10 Home,None,N/A,Club Internet,Magtek 21040108,18.10.2016,01.07.2020,11.01.2022,5 year(s) 2 month(s),313,3130,157.67,277.11,0%,0%,296,275
114,KRANSPOORT GOLF CLUB,5300000214,100,126,2365,277,2343,Mecer LE22BW Screen & NUC7CJYH,HNA,64bit Windows 10 Pro,None,N/A,Club Internet,Gigatek MSR250HK,23.06.2021,23.06.2021,11.01.2022,0 year(s) 6 month(s),313,3130,552.72,704.98,0%,0%,339,316
115,KRIEL GOLF CLUB,5300000638,50,219,3675,205,1755,Mecer X22S,HNA,64 bit Windows 10 Home,N/A,N/A,Club Internet,Partner MSR213U,26.07.2018,26.07.2018,11.01.2022,3 year(s) 5 month(s),313,3130,314.41,389,0%,0%,304,155
115,KRIEL GOLF CLUB,5300000715,100,219,3675,344,4045,Mecer X22S,Club,64 bit Windows 10 Home,N/A,N/A,Club Internet,Gigatek MSR250HK,26.07.2018,26.07.2018,11.01.2022,3 year(s) 5 month(s),365,3650,355.6,355.6,0%,0%,300,155
116,KRUGERPARK LODGE GOLF CLUB,5300000338,100,77,2853,28,80,Mecer X22S,HNA,64 bit Windows 10 Home,Huawei E3131,726237937,Vodacom,Partner MSR213U,20.07.2016,06.04.2018,11.01.2022,5 year(s) 5 month(s),365,3650,3463.79,3463.79,0%,0%,163,145
117,Leopard Creek Country Club,5300000489,100,279,14681,168,803,MSI Windtop 1941,,32bit Windows 7 Home Basic SP1,None,N/A,Club Internet,Champtek MR800,26.02.2013,26.02.2013,11.01.2022,8 year(s) 10 month(s),365,3650,200.28,200.28,0%,0%,165,147
118,Lydenburg Gholf Klub,5300000219,100,176,4414,87,271,Dell 3050,HNA,64 bit Windows 10 Pro,N/A,N/A,Club Internet,Magtek 21040108,02.12.2020,02.12.2020,11.01.2022,1 year(s) 1 month(s),365,3650,1123.15,1123.15,0%,0%,242,224
119,MALELANE GOLF CLUB,5300000288,100,115,4019,379,3514,Mecer X22S,HNA,64 bit Windows 10 Home,None,N/A,Club Internet,Magtek 21040108,10.06.2016,23.11.2021,11.01.2022,5 year(s) 7 month(s),365,3650,315.03,315.03,0%,0%,335,312
120,MARBLE HALL GOLF CLUB,5300000738,100,96,2115,138,620,Mecer X22S,HNA,64 bit Windows 10 Home,N/A,N/A,Club Internet,Gigatek MSR250HK,29.06.2016,26.06.2020,11.01.2022,5 year(s) 6 month(s),365,3650,470.77,470.77,0%,0%,369,346
121,MIDDELBURG COUNTRY CLUB,5300000121,50,489,17095,49,119,MSI Windtop 1941,HNA,32 bit Windows 7 Home Basic SP1,None,N/A,Club Internet,Champtek MR800,27.01.2014,27.01.2014,11.01.2022,7 year(s) 11 month(s),365,3650,2025.13,2025.13,0%,0.01%,93,29
121,MIDDELBURG COUNTRY CLUB,5300000723,100,489,17095,280,1159,Mecer X22S,Club,64 bit Windows 10 Home,N/A,N/A,Club Internet,Gigatek MSR250HK,06.12.2018,06.12.2018,11.01.2022,3 year(s) 1 month(s),365,3650,302.11,302.11,0%,0.01%,119,29
123,MBOMBELA GOLF CLUB,5300000366,100,510,18110,383,2244,MSI AP190,,64 bit Windows 8.1,None,N/A,Club Internet,Champtek MR800,10.06.2015,10.06.2015,11.01.2022,6 year(s) 7 month(s),365,3650,143.04,143.04,0%,0%,116,102
124,Piet Retief Country Club,5300000304,100,169,2392,85,1133,MSI AP190,,64 bit Windows 8.1,N/A,N/A,Club Internet,Magtek 21040108,12.03.2015,12.03.2015,11.01.2022,6 year(s) 9 month(s),313,3130,991.94,1166.96,0%,0%,290,269
125,PILGRIMS REST GOLF CLUB,5300000612,100,36,542,0,0,MSI Windtop 1941,,32bit Windows 7 Home Basic SP1,Vodafone K3565 Rev 2,726237941,Vodacom,Champtek MR800,18.12.2014,18.12.2014,11.01.2022,7 year(s) 0 month(s),261,2610,2610,3650,0%,0%,227,209
127,Sabi River Sun Golf Club,5300000507,100,115,8308,207,697,MSI AP190,HNA,64 bit Windows 8.1,MTN E153,726237623,MTN,Magtek 21040108,05.06.2015,05.06.2015,11.01.2022,6 year(s) 7 month(s),365,3650,894.25,894.25,0%,0%,218,200
128,SKUKUZA GOLF CLUB,5300000279,100,163,4324,263,866,Mecer LE22BW Screen & NUC7CJYH,HNA,64 bit Windows 10 Pro,N/A,N/A,Club Internet,Gigatek MSR250HK,01.09.2021,01.09.2021,11.01.2022,0 year(s) 4 month(s),0,0,0,404.55,0%,0%,340,317
129,STANDERTON GOLF CLUB,5300000566,100,191,4643,107,874,Mecer X22S,HNA,64 bit Windows 10 Home,None,N/A,Club Internet,Magtek 21040108,31.08.2016,18.03.2020,11.01.2022,5 year(s) 4 month(s),0,0,0,2168.47,0%,0%,327,304
131,VOLKSRUST GOLF CLUB,5300000363,50,154,3038,176,2982,Mecer X22S,HNA,64 bit Windows 10 Home,None,N/A,Club Internet,Magtek 21040108,15.09.2017,03.03.2021,11.01.2022,4 year(s) 3 month(s),365,3650,599.8,599.8,0%,0%,313,290
132,WALKER PARK GOLF CLUB,5300000147,100,278,6674,0,0,Dell 3050,HNA,64 bit Windows 10 Pro,N/A,N/A,Club Internet,Gigatek MSR250HK,13.12.2019,13.12.2019,11.01.2022,2 year(s) 0 month(s),365,3650,3650,3650,0%,0%,114,100
133,WHITE RIVER COUNTRY CLUB,5300000150,100,371,14170,67,261,Dell 3050,HNA,64 bit Windows 10 Pro,None,N/A,Club Internet,Gigatek MSR250HK,04.09.2019,04.09.2019,11.01.2022,2 year(s) 4 month(s),365,3650,879.66,879.66,0%,0%,135,119
134,WITBANK,5300000442,100,308,8903,225,1139,MSI Windtop 1941,,32bit Windows 7 Home Basic SP1,N/A,N/A,Club Internet,Champtek MR800,01.01.2014,22.07.2015,11.01.2022,8 year(s) 0 month(s),365,3650,867.33,867.33,0%,0%,174,156
135,SABIE COUNTRY CLUB,5300000233,100,152,2620,177,1922,Mecer X22S,HNA,64 bit Windows 10 Home,None,N/A,Club Internet,Gigatek MSR250HK,17.09.2018,17.09.2018,11.01.2022,3 year(s) 3 month(s),0,0,0,1133.07,0%,0%,384,361
136,BANKENVELD GOLF ESTATE,5300000392,100,143,2815,55,185,Mecer X22S,HNA,64 bit Windows 10 Home,N/A,N/A,Club Internet,Magtek 21040108,21.07.2016,21.07.2016,11.01.2022,5 year(s) 5 month(s),365,3650,2151.33,2151.33,0%,0%,207,189
139,CHRISTIANA GOLF CLUB,5300000608,100,60,444,0,0,MSI Windtop 1941,HNA,32bit Windows 7 Home Basic SP1,None,N/A,Club Internet,Champtek MR800,23.07.2013,23.07.2013,11.01.2022,8 year(s) 5 month(s),313,3130,2695.59,3118.78,0%,0%,219,201
140,DELAREYVILLE GOLF CLUB,5300000106,100,83,1518,69,1164,Mecer X22S,HNA,64 bit Windows 10 Home,None,N/A,Club Internet,Magtek 21040108,18.07.2018,19.10.2018,11.01.2022,3 year(s) 5 month(s),365,3650,1736.29,1736.29,0%,0%,270,250
146,GOLDFIELDS WEST PRIVATE GC,5300000705,100,250,7594,421,2762,Mecer X22S,HNA,64 bit Windows 10 Home,None,N/A,Club Internet,Partner MSR213U,10.05.2017,10.05.2017,11.01.2022,4 year(s) 8 month(s),365,3650,209.05,209.05,0%,0%,236,218
147,KLERKSDORP GOLF CLUB,5300000631,50,268,7404,114,414,Mecer X22S,HNA,64 bit Windows 10 Home,None,N/A,Club Internet,Magtek 21040108,16.09.2016,07.10.2019,11.01.2022,5 year(s) 3 month(s),365,3650,1038.71,1038.71,0%,0%,192,174
148,KOSTER GOLF CLUB,5300000499,100,41,200,22,129,MSI Windtop 1941,HNA,32bit Windows 7 Home Basic SP1,Vodafone K3772,726237785,Vodacom,Champtek MR800,04.06.2014,04.06.2014,11.01.2022,7 year(s) 7 month(s),156,1560,1077.21,2496.86,0%,0%,371,348
149,LANDBOU GOLF CLUB POTCH,5300000546,100,204,2036,85,1555,Mecer X22S,HNA,64 bit Windows 10 Home,Vodafone K3565 Rev 2,726237871,Vodacom,Gigatek MSR250HK,31.08.2016,31.05.2018,11.01.2022,5 year(s) 4 month(s),365,3650,1312.07,1312.07,0%,0%,255,236
152,LICHTENBURG GOLF CLUB,5300000271,100,150,4438,85,2159,Mecer X22S,HNA,64bit Windows 10 Home,Huawei E153,836762737,MTN,Magtek 21040108,22.03.2018,19.02.2021,11.01.2022,3 year(s) 9 month(s),365,3650,321.25,321.25,0%,0%,316,293
154,MILLVALE GOLF COURSE,5300000225,100,10,753,0,0,Dell 3050,Club,64 bit Windows 10 Pro,None,N/A,Club Internet,Gigatek MSR250HK,20.11.2019,20.11.2019,11.01.2022,2 year(s) 1 month(s),0,0,0,3530.06,0%,0%,431,408
155,MOOINOOI GOLF CLUB,5300000391,100,523,8899,339,1045,Mecer X22S,HNA,64 bit Windows 10 Home,None,N/A,Club Internet,Partner MSR213U,24.05.2016,13.03.2020,11.01.2022,5 year(s) 7 month(s),365,3650,547.26,547.26,0%,0%,159,143
157,ORKNEY GOLF CLUB,5300000159,100,479,11925,313,1532,Mecer X22S,HNA,64 bit Windows 10 Home,N/A,N/A,Club Internet,Magtek 21040108,06.09.2016,06.09.2016,11.01.2022,5 year(s) 4 month(s),313,3130,312.67,462.21,0%,0%,152,136
159,POTCHEFSTROOM COUNTRY CLUB,5300000128,100,530,12347,143,803,MSI Windtop 1920,,32 bit Windows 7 Home Premium SP1,None,N/A,Club Internet,Magtek 21040108,01.01.2012,23.10.2012,11.01.2022,10 year(s) 0 month(s),365,3650,552.02,552.02,0%,0%,137,121
160,RUSTENBURG GOLF CLUB,5300000133,100,324,12165,282,3633,DELL 3050,HNA,64 bit Windows 10 Pro,None,N/A,Club Internet,Gigatek MSR250HK,19.06.2019,19.06.2019,11.01.2022,2 year(s) 6 month(s),313,3130,220.49,238.47,0%,0%,172,153
161,SANNIESHOF GOLF CLUB,5300000284,100,52,332,15,110,MSI Windtop 1941,Club,32 bit Windows 7 Home Basic SP1,Vodafone K3565 Rev 2,726237255,Vodacom,Gigatek MSR250HK,31.01.2014,16.04.2018,11.01.2022,7 year(s) 11 month(s),104,1040,622.78,2277.18,0%,0%,401,378
162,SCHWEIZER RENEKE GOLF CLUB,5300000423,100,45,753,5,26,MSI Windtop 1941,HNA,32bit Windows 7 Home Basic SP1,None,N/A,Club Internet,Gigatek MSR250HK,20.01.2014,14.09.2018,11.01.2022,7 year(s) 11 month(s),313,3130,2942.83,3420.87,0%,0%,212,194
164,SWARTKLIP GOLF CLUB,5300000480,100,71,424,1,2,Mecer X22S,HNA,64 bit Windows 10 Home,N/A,N/A,Club Internet,Magtek 21040108,09.06.2017,21.06.2016,11.01.2022,4 year(s) 7 month(s),313,3130,2391.53,2801.53,0%,0%,237,219
165,VENTERSDORP GOLF CLUB,5300000429,100,20,3,0,0,MSI Windtop 1941,HNA,32bit Windows 7 Home Basic SP1,None,N/A,Club Internet,Partner MSR213U,29.07.2014,15.02.2017,11.01.2022,7 year(s) 5 month(s),365,3650,3650,3650,0%,0%,189,171
167,VRYBURG GOLF CLUB,5300000244,100,129,3691,71,889,Mecer X22S,HNA,64 bit Windows 10 Home,N/A,N/A,Club Internet,Magtek 21040108,27.07.2016,06.03.2020,11.01.2022,5 year(s) 5 month(s),157,1570,365.64,939.82,0%,0%,332,309
168,WATERPAN GOLF CLUB,5300000309,100,33,1297,55,1815,Dell 3050,HNA,64 bit Windows 10 Pro,None,N/A,Club Internet,Gigatek MSR250HK,24.02.2021,24.02.2021,11.01.2022,0 year(s) 10 month(s),261,2610,1843.43,2633.81,0%,0%,284,263
169,WOLMARANSSTAD GOLF CLUB,5300000516,100,88,921,67,401,Mecer X22S,Club,64 bit Windows 10 Home,N/A,N/A,Club Internet,Gigatek MSR250HK,23.05.2018,23.05.2018,11.01.2022,3 year(s) 7 month(s),0,0,0,1111.69,0%,0%,423,400
170,ZEERUST COUNTRY CLUB,5300000425,100,71,1861,84,2183,MSI Windtop 1941,,32bit Windows 7 Home Basic SP1,Vodafone K3772,726238503,Vodacom,Champtek MR800,02.10.2013,02.10.2013,11.01.2022,8 year(s) 3 month(s),313,3130,466.64,667.23,0%,0%,385,362
172,DRAKENSIG GOLF CLUB,5300000432,100,205,4827,160,2457,Mecer X22S,HNA,64 bit Windows 10 Home,None,N/A,Club Internet,Magtek 21040108,29.09.2016,29.09.2016,11.01.2022,5 year(s) 3 month(s),365,3650,75.87,75.87,0%,0%,309,286
173,ELEMENTS PRIVATE GOLF RESERVE,5300000370,100,98,6568,214,689,Mecer X22S,HNA,64 bit Windows 10 Home,Vodafone K3565 Rev 2,726237412,Vodacom,Partner MSR213U,19.04.2017,19.04.2017,11.01.2022,4 year(s) 8 month(s),313,3130,1259,1517.58,0%,0%,222,204
174,EUPHORIA GOLF CLUB,5300000598,100,165,3594,155,414,Mecer X22S,HNA,64 bit Windows 10 Home,None,N/A,Club Internet,Partner MSR213U,10.07.2018,10.07.2018,11.01.2022,3 year(s) 6 month(s),365,3650,1482.53,1482.53,0%,0%,225,207
175,HANS MERENSKY COUNTRY CLUB,5300000641,100,94,1661,0,0,MSI Windtop 1941,HNA,32bit Windows 7 Home Basic SP1,N/A,N/A,Club Internet,Champtek MR800,23.01.2014,23.01.2014,11.01.2022,7 year(s) 11 month(s),365,3650,3650,3650,0%,0%,162,144
176,KAMEELDORING GOLF CLUB,5300000330,100,307,5592,388,3017,Mecer X22S,HNA,64 bit Windows 10 Home,None,N/A,Club Internet,Magtek 21040108,12.08.2016,12.08.2016,11.01.2022,5 year(s) 4 month(s),52,520,38.44,677.42,0%,0%,268,248
177,KORO CREEK GOLF ESTATE,5300000270,100,214,11243,162,755,Mecer X22S,HNA,64 bit Windows 10 Home,N/A,N/A,Club Internet,Magtek 21040108,20.07.2016,20.07.2016,11.01.2022,5 year(s) 5 month(s),313,3130,620.72,741.62,0%,0%,188,170
179,MESSINA GOLF CLUB,5300000495,100,87,1639,66,1666,Dell 5270,HNA,64 bit Windows 10 Pro,None,N/A,Club Internet,Gigatek MSR250HK,12.11.2021,12.11.2021,11.01.2022,0 year(s) 1 month(s),365,3650,653.71,653.71,0%,0%,363,340
180,MOGOL GOLF CLUB,5300000187,50,155,5433,166,1125,Mecer X22S,HNA,64 bit Windows 10 Home,N/A,N/A,Club Internet,Magtek 21040108,04.10.2017,04.10.2017,11.01.2022,4 year(s) 3 month(s),365,3650,185.36,185.36,0%,0%,307,284
181,NABOOMSPRUIT GOLF CLUB,5300000274,100,174,2427,162,3318,Dell 3050,HNA,64 bit Windows 10 Pro,None,N/A,Club Internet,Magtek 21040108,28.01.2021,28.01.2021,11.01.2022,0 year(s) 11 month(s),365,3650,741.25,741.25,0%,0%,306,283
184,PHAKALANE GOLF ESTATE,5300000509,100,86,3369,0,0,Mecer X22S,Club,64 bit Windows 10 Home,None,N/A,Club Internet,Gigatek MSR250HK,29.06.2018,29.06.2018,11.01.2022,3 year(s) 6 month(s),104,1040,992.7,3499.86,0%,0%,297,276
185,Polokwane Golf Club,5300000160,100,547,19414,262,2658,Mecer LE22BW Screen & NUC7CJYH,HNA,64bit Windows 10 Pro,None,N/A,Club Internet,Magtek 21040108,19.05.2021,19.05.2021,11.01.2022,0 year(s) 7 month(s),313,3130,299.77,391.84,0%,0%,108,96
186,SOUTPANSBERG GOLF CLUB,5300000361,100,202,4871,93,744,Dell 3050,HNA,64 bit Windows 10 Home,None,N/A,Club Internet,Gigatek MSR250HK,25.02.2020,25.02.2020,11.01.2022,1 year(s) 10 month(s),313,3130,508,617.4,0%,0%,279,259
187,TZANEEN GOLF CLUB,5300000141,100,258,7151,150,2372,Mecer LE22BW Screen & NUC7CJYH,HNA,64 bit Windows 10 Pro,None,N/A,Club Internet,Gigatek MSR250HK,26.05.2021,26.05.2021,11.01.2022,0 year(s) 7 month(s),156,1560,503.52,1619.39,0%,0%,220,202
188,UNIVERSITY OF LIMPOPO GC,5300000712,100,48,195,18,67,Mecer X22S,HNA,64 bit Windows 10 Home,N/A,N/A,Club Internet,Magtek 21040108,12.12.2016,19.06.2018,11.01.2022,5 year(s) 0 month(s),365,3650,2228.16,2228.16,0%,0%,263,243
190,ZEBULA COUNTRY CLUB AND SPA,5300000397,100,168,8118,81,257,HP Compaq Elite 8300,HNA,64 bit Windows 10 Pro,N/A,N/A,Club Internet,Gigatek MSR250HK,10.12.2019,10.12.2019,11.01.2022,2 year(s) 1 month(s),365,3650,2555.06,2555.06,0%,0%,144,127
192,ARABELLA GOLF CLUB,5300000168,100,215,12751,0,0,Dell 3050,HNA,64 bit Windows 10 Pro,None,N/A,Club Internet,Gigatek MSR250HK,22.08.2019,22.08.2019,11.01.2022,2 year(s) 4 month(s),365,3650,3650,3650,0%,0%,98,88
193,ARENDSKRAAL GOLF CLUB,5300000022,100,70,11,0,0,MSI Windtop 1941,HNA,32bit Windows 7 Homa Basic SP1,None,N/A,Club Internet,Magtek 21040108,01.07.2010,03.07.2017,11.01.2022,11 year(s) 6 month(s),365,3650,2584.79,2584.79,0%,0%,226,208
194,BERG RIVER GOLF CLUB,5300000477,100,102,2124,97,1465,Dell 3050,HNA,64 bit Windows 10 Pro,None,N/A,Club Internet,Gigatek MSR250HK,26.07.2019,26.07.2019,11.01.2022,2 year(s) 5 month(s),365,3650,87.79,87.79,0%,0%,398,375
195,BONNIEVALE GOLF CLUB,5300000300,100,60,778,59,389,MSI Windtop 1941,,32bit Windows 7 Home Basic SP1,Vodafone K3565 Rev 2,726237701,Vodacom,Champtek MR800,15.01.2014,15.01.2014,11.01.2022,7 year(s) 11 month(s),209,2090,1093.05,1896.47,0%,0%,346,323
196,BREDASDORP GOLF CLUB,5300000171,100,210,4733,268,2047,MSI AP190,HNA,32bit Windows 8.1 Embedded ,N/A,N/A,Club Internet,Magtek 21040108,12.02.2015,31.10.2019,11.01.2022,6 year(s) 10 month(s),0,0,0,1141.36,0%,0%,320,297
197,CALEDON GOLF CLUB,5300000102,100,80,1424,63,753,Dell 3050,HNA,64 bit Windows 10 Pro,Vodafone R219h,726236389,Vodacom,Gigatek MSR250HK,17.11.2020,30.03.2021,11.01.2022,1 year(s) 1 month(s),365,3650,1326.91,1326.91,0%,0%,305,282
198,CERES GOLF CLUB,5300000176,100,328,7400,367,3134,Mecer X22S,HNA,64 bit Windows 10 Home,None,N/A,Club Internet,Partner MSR213U,06.04.2018,06.04.2018,11.01.2022,3 year(s) 9 month(s),365,3650,512.73,512.73,0%,0%,204,186
199,CITRUSDAL GOLF CLUB,5300000178,100,165,2508,134,1285,MSI AP190,HNA,32 bit Windows 8.1 Embedded,None,N/A,Club Internet,Magtek 21040108,16.02.2015,07.10.2020,11.01.2022,6 year(s) 10 month(s),365,3650,1406.65,1406.65,0%,0%,252,233
200,CLANWILLIAM GOLF CLUB,5300000069,100,56,357,28,371,Dell 5270,HNA,64 bit Windows 10 Pro,N/A,N/A,Club Internet,Gigatek MSR250HK,29.10.2021,29.10.2021,11.01.2022,0 year(s) 2 month(s),52,520,182.38,1847.31,0%,0%,426,403
201,DARLING GOLF CLUB,5300000263,100,130,2139,88,2101,MSI AP190,HNA,32 bit Windows 8.1 Embedded ,N/A,N/A,Club Internet,Magtek 21040108,08.05.2015,09.09.2020,11.01.2022,6 year(s) 8 month(s),365,3650,921.01,921.01,0%,0%,310,287
202,De Hoek Golf Club,5300000682,50,149,1543,108,972,MSI Windtop 2021,HNA,64bit Windows 7 Home Premium,None,N/A,Club Internet,Champtek MR800,01.06.2014,07.07.2015,11.01.2022,7 year(s) 7 month(s),365,3650,143.79,143.79,0%,0%,389,366
203,DEVONVALE GOLF ESTATE,5300000643,100,557,24241,114,382,Lenovo M810Z,HNA,64 bit Windows 10 Pro,None,N/A,Club Internet,Gigatek MSR250HK,06.02.2019,06.02.2019,11.01.2022,2 year(s) 11 month(s),365,3650,2800,2800,0%,0%,54,52
204,GANSBAAI GOLF CLUB,5300000023,100,135,3188,126,3710,DELL 3050,HNA,64 bit Windows 10 Pro,None,N/A,Club Internet,Gigatek MSR250HK,13.05.2019,13.05.2019,11.01.2022,2 year(s) 7 month(s),365,3650,1319.21,1319.21,0%,0%,260,240
205,HELDERBERG VILLAGE GOLF CLUB,5300000203,100,113,5509,280,7551,Mecer X22S,HNA,64 bit Windows 10 Home,None,N/A,Club Internet,Magtek 21040108,24.08.2017,24.08.2017,11.01.2022,4 year(s) 4 month(s),365,3650,443.92,443.92,0%,0%,298,277
206,HERMANUS GOLF CLUB,5300000085,100,1108,48908,0,0,Mecer X22S,HNA,64 bit Windows 10 Home,None,N/A,Club Internet,Magtek 21040108,10.06.2016,10.06.2016,11.01.2022,5 year(s) 7 month(s),365,3650,3650,3650,0.01%,0.01%,6,16
207,HEX VALLEY GOLF CLUB,5300000204,100,151,2009,44,155,Mecer X22S,HNA,64 bit Windows 10 Home,None,N/A,Club Internet,Partner MSR213U,26.09.2016,29.01.2018,11.01.2022,5 year(s) 3 month(s),312,3120,2596.88,3050.22,0%,0%,193,175
208,KLEINMOND GOLF CLUB,5300000607,100,396,16108,381,4824,Lenovo M810Z,HNA,64 bit Windows 10 Pro,None,N/A,Club Internet,Gigatek MSR250HK,06.08.2019,06.08.2019,11.01.2022,2 year(s) 5 month(s),365,3650,62.95,62.95,0%,0%,142,125
209,KUILSRIVIER GOLF CLUB,5300000116,100,1384,38311,632,3483,Lenovo M810Z,HNA,64 bit Windows 10 Pro,None,N/A,Club Internet,Gigatek MSR250HK,26.03.2019,26.03.2019,11.01.2022,2 year(s) 9 month(s),365,3650,50.64,50.64,0.01%,0.01%,28,28
211,LAMBERTS BAY GOLF CLUB,5300000216,100,13,164,9,146,Dell 3050,Club,64 bit Windows 10 Pro,HUAWEI E3531,726237520,Vodacom,Gigatek MSR250HK,26.07.2019,26.07.2019,11.01.2022,2 year(s) 5 month(s),104,1040,906.67,3266.81,0%,0%,395,372
212,LANGEBAAN GOLF & SPORTS CLUB,5300000445,100,710,33194,506,3321,Lenovo M810Z,HNA,64 bit Windows 10 Pro,None,N/A,Club Internet,Gigatek MSR250HK,02.11.2018,02.11.2018,11.01.2022,3 year(s) 2 month(s),365,3650,16.06,16.06,0%,0.01%,62,13
212,LANGEBAAN GOLF & SPORTS CLUB,5300000720,100,710,33194,1,1,Club Machine,Club,Windows 10,None,N/A,Club Internet,Unknown,24.08.2018,24.10.2018,11.01.2022,3 year(s) 4 month(s),365,3650,2066.19,2066.19,0%,0.01%,33,13
213,LUTZVILLE GOLF CLUB,5300000298,100,46,705,34,264,Mecer X22S,HNA,64 bit Windows 10 Home,None,N/A,Club Internet,Magtek 21040108,31.08.2016,17.02.2021,11.01.2022,5 year(s) 4 month(s),52,520,421.05,3031.26,0%,0%,414,391
214,MALMESBURY GOLF CLUB,5300000153,100,529,9406,681,5722,Mecer X22S,HNA,64 bit Windows 10 Home,None,N/A,Club Internet,Gigatek MSR250HK,17.08.2016,24.02.2021,11.01.2022,5 year(s) 4 month(s),365,3650,288.41,288.41,0%,0%,164,146
215,MONTAGU GOLF CLUB,5300000226,100,226,4126,287,4648,Asus Screen & NUC7CJYH,HNA,64 bit Windows 10 Pro,None,N/A,Club Internet,Magtek 21040108,14.12.2020,14.12.2020,11.01.2022,1 year(s) 0 month(s),365,3650,114.13,114.13,0%,0%,311,288
216,MOORREESBURG GOLF CLUB,5300000227,100,113,2124,109,932,MSI Windtop 1920,,32 bit Windows 7 Home Premium SP1,None,N/A,Club Internet,Magtek 21040108,01.01.2012,18.09.2012,11.01.2022,10 year(s) 0 month(s),365,3650,348.69,348.69,0%,0%,374,351
217,PAARL GOLF CLUB,5300000087,50,1291,46075,7,14,Mecer X22S,Club,64 bit Windows 10 Home,None,N/A,Club Internet,Magtek 21040108,23.11.2016,23.11.2016,11.01.2022,5 year(s) 1 month(s),365,3650,3035.94,3035.94,0.01%,0.01%,7,5
217,PAARL GOLF CLUB,5300000251,50,1291,46075,620,4539,Lenovo M810Z,HNA,64 bit Windows 10 Pro,None,N/A,Club Internet,Gigatek MSR250HK,01.02.2019,01.02.2019,11.01.2022,2 year(s) 11 month(s),365,3650,46.23,46.23,0.01%,0.01%,22,5
218,PEARL VALLEY GOLF CLUB,5300000617,100,406,21549,0,0,Mecer X22S,HNA,64 bit Windows 10 Home,None,N/A,Club Internet,Partner MSR213U,06.06.2017,06.06.2017,11.01.2022,4 year(s) 7 month(s),365,3650,3650,3650,0%,0%,61,59
220,PORTERVILLE GOLF CLUB,5300000305,100,130,2414,166,1648,Mecer X22S,HNA,64 bit Windows 10 Home,None,N/A,Club Internet,Magtek 21040108,14.11.2017,22.08.2019,11.01.2022,4 year(s) 1 month(s),365,3650,408.31,408.31,0%,0%,355,332
221,RIVERSIDE GOLF CLUB,5300000590,100,95,1781,163,2514,Dell 3050,HNA,64bit Windows 10 Pro,Vodafone K3565 Rev 2,726237512,Vodacom,Gigatek MSR250HK,19.05.2021,19.05.2021,11.01.2022,0 year(s) 7 month(s),365,3650,567.59,567.59,0%,0%,368,345
222,RIVIERSONDEREND GOLF CLUB,5300000232,100,85,747,98,735,Mecer X22S,HNA,64 bit Windows 10 Home,Vodafone K3565 Rev 2,726237904,Vodacom,Partner MSR213U,25.07.2017,25.07.2017,11.01.2022,4 year(s) 5 month(s),104,1040,734.34,3315.37,0%,0%,375,352
223,ROBERTSON GOLF CLUB,5300000342,100,223,10339,319,1519,Mecer X22S,HNA,64 bit Windows 10 Pro,N/A,N/A,Club Internet,Magtek 21040108,08.09.2017,26.08.2021,11.01.2022,4 year(s) 4 month(s),104,1040,224.01,807.82,0%,0%,214,196
224,SHELLEY POINT GOLF CLUB,5300000415,100,64,2465,79,737,MSI Windtop 1941,HNA,32bit Windows 7 Home Basic SP1,None,N/A,Club Internet,Champtek MR800,30.01.2014,18.10.2016,11.01.2022,7 year(s) 11 month(s),365,3650,451.64,451.64,0%,0%,378,355
225,STELLENBOSCH GOLF CLUB,5300000660,100,1590,49952,382,2041,Lenovo M810Z,HNA,64 bit Windows 10 Pro,None,N/A,Club Internet,Gigatek MSR250HK,06.11.2018,06.11.2018,11.01.2022,3 year(s) 2 month(s),365,3650,446.87,446.87,0.01%,0.01%,9,17
226,SPRINGBOK GOLF CLUB,5300000561,100,75,1534,20,130,Mecer X22S,HNA,64 bit Windows 10 Home,None,N/A,Club,Magtek 21040108,24.08.2017,24.08.2017,11.01.2022,4 year(s) 4 month(s),157,1570,1013.1,2239.07,0%,0%,333,310
227,SWELLENDAM GOLF CLUB,5300000358,100,205,4635,298,4896,Mecer X22S,HNA,64 bit Windows 10 Home,Vodafone K3772,726237115,Vodacom,Partner MSR213U,09.12.2016,07.10.2020,11.01.2022,5 year(s) 1 month(s),365,3650,498.28,498.28,0%,0%,281,261
228,THEEWATERSKLOOF GOLF CLUB,5300000025,100,215,5362,302,1662,Mecer X22S,HNA,64 bit Windows 10 Home,None,N/A,Club Internet,Magtek 21040108,25.05.2015,14.08.2020,11.01.2022,6 year(s) 7 month(s),365,3650,206.36,206.36,0%,0%,288,267
229,VREDENBURG GOLF CLUB,5300000146,100,112,2873,205,3864,Mecer X22S,HNA,64 bit Windows 10 Home,None,N/A,Club Internet,Gigatek MSR250HK,10.05.2018,17.06.2021,11.01.2022,3 year(s) 8 month(s),365,3650,931.73,931.73,0%,0%,303,281
230,VREDENDAL GOLF CLUB,5300000243,100,87,2471,99,1590,Mecer LE22BW Screen & NUC7CJYH,HNA,64bit Windows 10 Pro,N/A,N/A,Club Internet,Gigatek MSR250HK,04.06.2021,04.06.2021,11.01.2022,0 year(s) 7 month(s),365,3650,1298.65,1298.65,0%,0%,291,270
231,WELLINGTON GOLF CLUB,5300000155,100,412,12151,479,2749,Mecer X22S,HNA,64 bit Windows 10 Home,None,N/A,Club Internet,Partner MSR213U,26.07.2016,09.11.2021,11.01.2022,5 year(s) 5 month(s),365,3650,564.92,564.92,0%,0%,151,135
232,WORCESTER GOLF CLUB,5300000458,100,799,15018,30,39,MSI AP190,HNA,64 bit Windows 8.1,None,N/A,Club Internet,Huawei E153,03.02.2015,03.02.2015,11.01.2022,6 year(s) 11 month(s),261,2610,1714.26,2391.21,0%,0%,83,76
233,XAMARIN GOLF & COUNTRY CLUB,5300000245,100,61,677,48,938,Dell 3050,Club,64 bit Windows 10 Pro,N/A,N/A,Club Internet ,Gigatek MSR250HK,21.11.2019,21.11.2019,11.01.2022,2 year(s) 1 month(s),104,1040,656.81,2305.21,0%,0%,393,370
235,BLACK MOUNTAIN GOLF CLUB,5300000170,100,111,1182,42,483,Mecer X22S,HNA,64 bit Windows 10 Home,Vodafone K3565 Rev 2,726237163,Vodacom,Magtek 21040108,07.03.2017,04.10.2021,11.01.2022,4 year(s) 10 month(s),104,1040,635.46,2262.78,0%,0%,366,343
236,KLEINZEE GOLF CLUB,5300000443,100,9,143,0,0,MSI Windtop 1941,HNA,32bit Windows 7 Home Basic SP1,None,N/A,Club Internet,Partner MSR213U,20.02.2013,19.07.2017,11.01.2022,8 year(s) 10 month(s),0,0,0,3650,0%,0%,433,410
238,ALIWAL NORTH GOLF CLUB,5300000165,100,88,2074,107,2554,MSI Windtop 1941,HNA,32bit Windows 7 Home Basic SP1,None,N/A,Club Internet,Magtek 21040108,23.01.2014,29.03.2018,11.01.2022,7 year(s) 11 month(s),104,1040,264.5,1216.96,0%,0%,392,369
239,BARKLY EAST GOLF CLUB,5300000567,100,31,197,22,207,MSI Windtop 1941,,32bit Windows 7 Home Basic SP1,Vodafone K3565 Rev 2,726230873,Vodacom,Champtek MR800,02.09.2013,02.09.2013,11.01.2022,8 year(s) 4 month(s),157,1570,1154.8,2603.56,0%,0%,367,344
243,DORDRECHT GOLF CLUB,5300000079,100,62,449,19,64,Mecer X22S,HNA,64 bit Windows 10 Home,D-Link 4G Mobile Router,726237532,Vodacom,Gigatek MSR250HK,13.01.2021,13.01.2021,11.01.2022,0 year(s) 11 month(s),104,1040,917.54,3310.52,0%,0%,372,349
244,EAST LONDON GOLF CLUB,5300000081,100,838,30967,350,2399,DELL 3050,HNA,64 bit Windows 10 Pro,None,N/A,Club Internet,Magtek 21040108,17.04.2019,17.04.2019,11.01.2022,2 year(s) 8 month(s),365,3650,104.1,104.1,0%,0%,59,57
245,ELLIOT GOLF CLUB,5300000707,100,23,421,0,0,Mecer X22S,Club,64 bit Windows 10 Home,N/A,N/A,Club Internet,Gigatek MSR250HK,15.12.2017,15.12.2017,11.01.2022,4 year(s) 0 month(s),365,3650,3650,3650,0%,0%,181,163
246,GONUBIE GOLF CLUB,5300000331,100,169,5258,191,5013,Dell 3050,HNA,64 bit Windows 10 Home,N/A,N/A,Club Internet,Gigatek MSR250HK,20.12.2019,20.12.2019,11.01.2022,2 year(s) 0 month(s),365,3650,510.77,510.77,0%,0%,283,262
248,KATBERG ECO GOLF ESTATE,5300000074,100,67,2985,147,544,Mecer X22S,HNA,64bit Windows 10 Home,None,N/A,Club Internet,Magtek 21040108,23.11.2017,22.12.2021,11.01.2022,4 year(s) 1 month(s),209,2090,250.71,534.08,0%,0%,386,363
249,KEI MOUTH GOLF CLUB,5300000413,100,110,2744,153,3173,MSI AP190,,64 bit Windows 8.1,None,N/A,Club Internet,Champtek MR800,22.07.2015,22.07.2015,11.01.2022,6 year(s) 5 month(s),313,3130,831.92,919.65,0%,0%,315,292
250,KING WILLIAMSTOWN GC,5300000115,100,15,130,11,126,MSI Windtop 1941,,32bit Windows 7 Home Basic SP1,Vodafone K3565 Rev 2,726237922,Vodacom,Champtek MR800,20.02.2013,20.02.2013,11.01.2022,8 year(s) 10 month(s),156,1560,1431.33,3365.3,0%,0%,342,319
251,KOMGA GOLF CLUB,5300000431,100,47,345,32,104,Dell 3050,HNA,64 bit Windows 10 Pro,Vodafone K3565 Rev 2,726230894,Vodacom,Magtek 21040108,01.12.2020,01.12.2020,11.01.2022,1 year(s) 1 month(s),0,0,0,3537.87,0%,0%,429,406
253,MACLEAR GOLF CLUB,5300000717,100,42,371,8,20,Mecer X22S,Club,64 bit Windows 10 Home,N/A,N/A,Club Internet,Gigatek MSR250HK,01.10.2018,01.10.2018,11.01.2022,3 year(s) 3 month(s),365,3650,3624.49,3624.49,0%,0%,177,159
256,QUEENSTOWN GOLF CLUB,5300000383,100,156,2787,78,1971,Mecer X22S,HNA,64 bit Windows 10 Home,None,N/A,Club Internet,Magtek 21040108,13.07.2016,28.08.2019,11.01.2022,5 year(s) 5 month(s),365,3650,1119.54,1119.54,0%,0%,280,260
258,STUTTERHEIM COUNTRY CLUB,5300000403,100,72,1401,68,436,Dell 3050,HNA,64 bit Windows 10 Pro,N/A,N/A,Club Internet,Gigatek MSR250HK,20.12.2019,20.12.2019,11.01.2022,2 year(s) 0 month(s),365,3650,2179.07,2179.07,0%,0%,238,220
259,WEST BANK GOLF CLUB,5300000390,100,182,8987,258,1677,Lenovo M810Z,HNA,64 bit Windows 10 Pro,None,N/A,Club Internet,Gigatek MSR250HK,22.03.2019,22.03.2019,11.01.2022,2 year(s) 9 month(s),365,3650,221.28,221.28,0%,0%,231,213
260,Mthatha Country Club,5300000241,100,47,1612,29,918,Mecer X22S,HNA,64 bit Windows 10 Home,Huawei E3131,726237316,Vodacom,Partner MSR213U,19.07.2017,19.07.2017,11.01.2022,4 year(s) 5 month(s),0,0,0,477.31,0%,0%,425,402
261,ADELAIDE GOLF CLUB,5300000027,100,31,306,0,0,MSI Windtop 1941,HNA,32bit Windows 7 Home Basic SP1,N/A,N/A,Club Internet,Champtek MR800,24.11.2014,21.06.2016,11.01.2022,7 year(s) 1 month(s),104,1040,1040,3650,0%,0%,376,353
262,ALEXANDRIA GOLF CLUB,5300000028,100,74,1083,47,517,Mecer LE22BW Screen & NUC7CJYH,HNA,64 bit Windows 10 Pro,None,N/A,Club Internet,Partner MSR213U,26.03.2021,26.03.2021,11.01.2022,0 year(s) 9 month(s),365,3650,1631.07,1631.07,0%,0%,292,271
263,BEDFORD GOLF CLUB,5300000157,100,76,699,23,233,Dell 5270,HNA,64 bit Windows 10 Pro,None,N/A,Club Internet,Gigatek MSR250HK,29.10.2021,29.10.2021,11.01.2022,0 year(s) 2 month(s),104,1040,883.02,3382.03,0%,0%,365,342
265,CRADOCK GOLF CLUB,5300000302,100,105,2853,85,1500,Mecer X22S,HNA,64 bit Windows 10 Home,Vodafone K3565 Rev 2,726230875,Vodacom,Partner MSR213U,22.03.2018,05.08.2019,11.01.2022,3 year(s) 9 month(s),365,3650,1312.08,1312.08,0%,0%,278,258
266,Fynbos Golf Club (Pty) Ltd,5300000610,100,85,3012,150,1350,Asus Screen & NUC7CJYH,HNA,64 bit Windows 10 Pro,None,N/A,Club Internet,Magtek 21040108,23.12.2020,23.12.2020,11.01.2022,1 year(s) 0 month(s),365,3650,594.63,594.63,0%,0%,338,315
268,FORT BEAUFORT GOLF CLUB,5300000469,100,32,350,42,428,MSI Windtop 1941,HNA,32bit Windows 7 Home Basic SP1,None,N/A,Club Internet,Champtek MR800,21.07.2014,21.06.2016,11.01.2022,7 year(s) 5 month(s),0,0,0,1382.42,0%,0%,430,407
269,GRAAFF-REINET GOLF CLUB,5300000267,100,120,3909,201,4662,Asus Screen & NUC7CJYH,HNA,64 bit Windows 10 Home,None,N/A,Club Internet,Gigatek MSR250HK,08.01.2021,22.12.2021,11.01.2022,1 year(s) 0 month(s),365,3650,241.65,241.65,0%,0%,341,318
270,THE BELMONT GOLF CLUB,5300000197,100,263,5816,167,724,MSI AP190,HNA,64 bit Windows 8.1,None,N/A,Club Internet,Gigatek MSR250HK,20.08.2015,19.12.2019,11.01.2022,6 year(s) 4 month(s),209,2090,555.9,989.61,0%,0%,230,212
271,HANKEY GOLF CLUB,5300000029,100,195,3311,269,1457,Mecer X22S,HNA,64 bit Windows 10 Home,None,N/A,Club Internet,Magtek 21040108,30.06.2016,01.09.2021,11.01.2022,5 year(s) 6 month(s),365,3650,756.45,756.45,0%,0%,286,265
272,HUMEWOOD GOLF CLUB,5300000030,100,633,23457,40,82,Lenovo M810Z,HNA,64 bit Windows 10 Pro,None,N/A,Club Internet,Gigatek MSR250HK,27.03.2019,27.03.2019,11.01.2022,2 year(s) 9 month(s),365,3650,3268.07,3268.07,0%,0%,43,41
273,JEFFREYS BAY GOLF CLUB,5300000295,100,234,8401,293,4344,HP Compaq Elite 8300,HNA,64 bit Windows 10 Pro,None,N/A,Club Internet,Magtek  21040108,21.11.2019,21.11.2019,11.01.2022,2 year(s) 1 month(s),365,3650,692.77,692.77,0%,0%,203,185
274,KIRKWOOD GOLF CLUB,5300000211,100,96,1510,40,174,Mecer X22S,HNA,64 bit Windows 10 Home,None,N/A,Club Internet,Magtek 21040108,14.10.2016,14.10.2016,11.01.2022,5 year(s) 2 month(s),365,3650,2619.99,2619.99,0%,0%,206,188
275,Kragga Kamma Country Club,5300000042,100,63,2075,87,1307,Mecer LE22BW Screen & NUC7CJYH,HNA,64 bit Windows 10 Pro,N/A,N/A,Club Internet,Magtek 21040108,06.05.2021,06.05.2021,11.01.2022,0 year(s) 8 month(s),365,3650,1097.19,1097.19,0%,0%,321,298
276,LANGKLOOF GOLF CLUB,5300000217,100,70,937,12,84,Mecer X22S,HNA,64 bit Windows 10 Home,None,N/A,Club Internet,Magtek 21040108,09.06.2017,07.11.2019,11.01.2022,4 year(s) 7 month(s),313,3130,2816.81,3272.11,0%,0%,209,191
277,PORT ELIZABETH GOLF CLUB,5300000088,100,664,31188,386,4734,Lenovo M810Z,HNA,64 bit Windows 10 Pro,None,N/A,Club Internet,Gigatek MSR250HK,19.03.2019,19.03.2019,11.01.2022,2 year(s) 9 month(s),365,3650,94.76,94.76,0%,0%,68,64
278,ROYAL PORT ALFRED,5300000273,100,614,22111,433,5745,Dell 3050,HNA,64 bit Windows 10 Pro,None,N/A,Club Internet,Gigatek MSR250HK,31.12.2019,31.12.2019,11.01.2022,2 year(s) 0 month(s),313,3130,70.36,95.5,0%,0%,99,89
280,SOMERSET EAST GOLF CLUB,5300000502,100,84,1454,72,678,Mecer X22S,HNA,64 bit Windows 10 Home,None,N/A,Club Internet,Magtek 21040108,24.08.2016,27.11.2020,11.01.2022,5 year(s) 4 month(s),365,3650,1042.65,1042.65,0%,0%,329,306
281,ST FRANCIS BAY GOLF CLUB,5300000161,100,351,18147,270,1448,Mecer LE22BW Screen & NUC7CJYH,HNA,64 bit Windows 10 Home,None,N/A,Club Internet,Magtek 21040108,26.10.2021,26.10.2021,11.01.2022,0 year(s) 2 month(s),365,3650,349.94,349.94,0%,0%,127,111
282,ST FRANCIS LINKS GOLF CLUB,5300000468,100,383,14797,7,17,Mecer X22S,HNA,64 bit Windows 10 Home,None,N/A,Club Internet,Magtek 21040108,31.08.2016,23.11.2021,11.01.2022,5 year(s) 4 month(s),365,3650,3295.91,3295.91,0%,0%,85,78
283,UITENHAGE GOLF CLUB,5300000354,100,246,6415,142,1739,Mecer X22S,HNA,64 bit Windows 10 Home,None,N/A,Club Internet,Magtek 21040108,15.08.2016,14.07.2020,11.01.2022,5 year(s) 4 month(s),365,3650,107.92,107.92,0%,0%,269,249
284,WALMER COUNTRY CLUB,5300000148,100,35,40,0,0,Mecer X22S,HNA,64 bit Windows 10 Home,None,N/A,Club Internet,Magtek 21040108,18.10.2016,12.02.2020,11.01.2022,5 year(s) 2 month(s),313,3130,3130,3650,0%,0%,211,193
285,WALMER GOLF CLUB,5300000396,100,949,17942,58,148,Lenovo M810Z,HNA,64 bit Windows 10 Home,None,N/A,Club Internet,Gigatek MSR250HK,20.08.2019,20.08.2019,11.01.2022,2 year(s) 4 month(s),365,3650,2960.11,2960.11,0%,0%,46,44
286,ZWARTENBOSCH GOLF CLUB,5300000151,100,71,1254,79,411,Dell 3050,HNA,64 bit Windows 10 Pro,N/A,N/A,Club Internet,Gigatek MSR250HK,23.03.2020,23.03.2020,11.01.2022,1 year(s) 9 month(s),365,3650,2952.18,2952.18,0%,0%,198,180
287,BALKFONTEIN GOLF CLUB,5300000066,100,41,267,28,205,Mecer X22S,HNA,64 bit Windows 10 Home,N/A,N/A,Club Internet,Gigatek MSR250HK,16.08.2018,16.08.2018,11.01.2022,3 year(s) 4 month(s),157,1570,1029.49,2532.56,0%,0%,373,350
289,BETHLEHEM GOLF CLUB,5300000318,100,254,5842,68,348,MSI AP190,,64 bit Windows 8.1,MTN E153,726237570,MTN,Magtek 21040108,12.05.2015,12.05.2015,11.01.2022,6 year(s) 7 month(s),365,3650,1078.56,1078.56,0%,0%,208,190
290,BETHULIE GOLF CLUB,5300000097,100,13,157,9,253,MSI Windtop 1941,HNA,32bit Windows 7 Home Basic SP1,Vodafone K3565 Rev 2,726263972,Vodacom,Magtek 21040108,16.07.2014,19.07.2017,11.01.2022,7 year(s) 5 month(s),104,1040,783.96,2886.86,0%,0%,403,380
292,BLOEMFONTEIN GOLF CLUB,5300000261,100,420,15138,128,595,Mecer LE22BW Screen & NUC7CJYH,HNA,64 bit Windows 10 Pro,None,N/A,Club Internet,Magtek 21040108,04.11.2021,04.11.2021,11.01.2022,0 year(s) 2 month(s),365,3650,616.48,616.48,0%,0%,128,112
293,BOTHAVILLE GOLF CLUB,5300000472,100,107,886,76,1383,MSI Windtop 1941,HNA,32bit Windows 7 Home Basic SP1,None,N/A,Club Internet,Champtek MR800,24.07.2014,15.06.2017,11.01.2022,7 year(s) 5 month(s),157,1570,502.23,1538.63,0%,0%,387,364
294,BRANDFORT GOLF CLUB,5300000732,100,56,122,0,0,MSI WINDTOP 1941,HNA,32 bit Windows 7 Home Basic SP1,N/A,N/A,Club Internet,Partner MSR213U,01.01.2010,26.04.2019,11.01.2022,12 year(s) 0 month(s),365,3650,3650,3650,0%,0%,175,157
295,BULTFONTEIN GOLF CLUB,5300000172,100,78,378,15,41,Mecer X22S,HNA,64 bit Windows 10 Home,Vodafone K3565 Rev 2,726237723,Vodacom,Magtek 21040108,27.09.2018,27.09.2018,11.01.2022,3 year(s) 3 month(s),104,1040,1040,3612.39,0%,0%,353,330
296,CLARENS GOLF CLUB,5300000059,100,126,6126,117,288,Mecer X22S,HNA,64bit Windows 10 Home,None,N/A,Club Internet,Magtek 21040108,13.04.2017,17.02.2021,11.01.2022,4 year(s) 8 month(s),0,0,0,1440.53,0%,0%,324,301
297,CLOCOLAN GOLF CLUB,5300000104,100,78,692,32,215,Mecer X22S,HNA,64 bit Windows 10 Home,N/A,N/A,Club Internet,Magtek 21040108,24.11.2017,24.11.2017,11.01.2022,4 year(s) 1 month(s),313,3130,2292.02,2645.03,0%,0%,239,221
299,DEWETSDORP GOLF CLUB,5300000258,100,231,1057,54,173,MSI Windtop 1941,HNA,32bit Windows 7 Home Basic SP1,None,N/A,Club Internet,Magtek 21040108,28.07.2014,15.02.2017,11.01.2022,7 year(s) 5 month(s),313,3130,1585.86,1899,0%,0%,243,225
302,FICKSBURG GOLF CLUB,5300000108,100,130,1046,50,217,MSI Windtop 1941,HNA,32 bit Windows 7 Home Basic SP1,None,N/A,Club Internet,Magtek 21040108,18.11.2013,14.12.2017,11.01.2022,8 year(s) 1 month(s),313,3130,2830.89,3298.46,0%,0%,195,177
303,FRANKFORT GOLF CLUB,5300000109,100,100,1054,48,387,Mecer X22S,HNA,64 bit Windows 10 Home,N/A,N/A,Club Internet,Magtek 21040108,20.05.2016,15.08.2019,11.01.2022,5 year(s) 7 month(s),52,520,139.34,1181.99,0%,0%,413,390
305,HARRISMITH COUNTRY CLUB,5300000185,100,143,3334,62,424,Mecer X22S,HNA,64 bit Windows 10 Home,None,N/A,Club Internet,Partner MSR213U,10.10.2016,01.10.2019,11.01.2022,5 year(s) 3 month(s),52,520,128.55,2707.59,0%,0%,357,334
306,HARTSWATER GOLF CLUB,5300000439,100,81,1792,53,699,Mecer X22S,HNA,64 bit Windows 10 Home,N/A,N/A,Club Internet,Magtek 21040108,30.11.2016,17.10.2019,11.01.2022,5 year(s) 1 month(s),104,1040,514.18,2903.06,0%,0%,379,356
307,HEILBRON GOLF CLUB,5300000202,100,80,937,82,848,Mecer X22S,HNA,64 bit Windows 10 Home,N/A,N/A,Club Internet,Gigatek MSR250HK,25.07.2016,20.10.2021,11.01.2022,5 year(s) 5 month(s),313,3130,339.54,458.92,0%,0%,408,385
309,HOOPSTAD GOLF CLUB,5300000205,100,72,1219,58,147,Dell 3050,HNA,64 bit Windows 10 Home,Vodafone K3565 Rev 2,726236151,Vodacom,Gigatek MSR250HK,31.03.2021,31.03.2021,11.01.2022,0 year(s) 9 month(s),104,1040,1023.02,3623.45,0%,0%,337,314
310,JACOBSDAL GOLF CLUB,5300000112,100,45,1126,0,0,Mecer X22S,HNA,64 bit Windows 10 Home,Vodafone K3565 Rev 2,726237768,Vodacom,Gigatek MSR250HK,30.05.2018,30.05.2018,11.01.2022,3 year(s) 7 month(s),104,1040,1040,3650,0%,0%,351,328
312,JAN KEMP GOLF CLUB,5300000207,100,93,2335,87,964,Mecer X22S,HNA,64 bit Windows 10 Home,N/A,N/A,Club Internet,Magtek 21040108,01.11.2016,01.11.2016,11.01.2022,5 year(s) 2 month(s),104,1040,556.37,3029.69,0%,0%,356,333
313,KESTELL COUNTRY CLUB,5300000114,100,27,129,0,0,MSI Windtop 1941,HNA,32bit Windows 7 Home Basic SP1,N/A,N/A,Club Internet,Magtek 21040108,20.09.2013,07.06.2017,11.01.2022,8 year(s) 3 month(s),313,3130,3130,3650,0%,0%,213,195
314,KIMBERLEY GOLF CLUB,5300000078,50,287,13141,148,1367,Mecer X22S,HNA,64 bit Windows 10 Home,None,N/A,Club Internet,Magtek 21040108,01.09.2016,18.12.2018,11.01.2022,5 year(s) 4 month(s),313,3130,253.45,264.87,0%,0%,170,151
315,KOFFIEFONTEIN GOLF CLUB,5300000213,100,56,721,16,72,Mecer X22S,HNA,64 bit Windows 10 Home,Vodafone K3565 Rev 2,726237880,Vodacom,Magtek 21040108,06.09.2016,25.10.2018,11.01.2022,5 year(s) 4 month(s),104,1040,782.45,2900.05,0%,0%,383,360
316,KROONSTAD COUNTRY CLUB,5300000083,100,195,4308,139,1335,Mecer X22S,HNA,64bit Windows 10 Home,None,N/A,Club Internet,Magtek 21040108,28.02.2017,15.10.2021,11.01.2022,4 year(s) 10 month(s),313,3130,701.48,823.91,0%,0%,275,255
317,KURUMAN GOLF CLUB,5300000618,100,87,1627,49,825,MSI Windtop 1941,,32bit Windows 7 Home Basic SP1,None,N/A,Club Internet,Champtek MR800,27.02.2013,27.02.2013,11.01.2022,8 year(s) 10 month(s),209,2090,268.77,599.48,0%,0%,397,374
318,LADYBRAND SPORTS CLUB,5300000075,100,58,1033,51,640,Mecer X22S,HNA,64 bit Windows 10 Home,None,N/A,Club Internet,Magtek 21040108,01.06.2017,01.06.2017,11.01.2022,4 year(s) 7 month(s),365,3650,588.92,588.92,0%,0%,394,371
319,LIME ACRES GOLF CLUB,5300000427,100,57,1888,31,193,Mecer X22S,HNA,64 bit Windows 10 Home,None,N/A,Club Internet,Magtek 21040108,17.08.2016,23.08.2019,11.01.2022,5 year(s) 4 month(s),313,3130,1957.49,2322.02,0%,0%,254,235
321,MAGERSFONTEIN MEMORIAL GC,5300000221,100,144,3604,98,418,Mecer X22S,HNA,64 bit Windows 10 Home,None,N/A,Club Internet,Magtek 21040108,22.02.2017,19.11.2021,11.01.2022,4 year(s) 10 month(s),261,2610,1186.04,1616.85,0%,0%,261,241
322,MARQUARD GOLF CLUB,5300000076,100,80,673,13,32,Mecer X22S,HNA,64 bit Windows 10 Home,N/A,N/A,Club Internet,Magtek 21040108,04.05.2016,25.02.2020,11.01.2022,5 year(s) 8 month(s),52,520,405,3145.44,0%,0%,405,382
323,MASERU GOLF CLUB,5300000272,100,125,1002,25,521,MSI Windtop 1941,Club,32bit Windows 7 Home Basic SP1,None,N/A,Club Internet,Magtek 21040108,24.04.2013,16.02.2017,11.01.2022,8 year(s) 8 month(s),0,0,0,1291.02,0%,0%,419,396
324,OPPENHEIMER PARK GOLF CLUB,5300000346,50,309,8780,190,1248,Lenovo M810Z,HNA,64 bit Windows 10 Pro,N/A,N/A,Club Internet,Gigatek MSR250HK,05.10.2018,05.10.2018,11.01.2022,3 year(s) 3 month(s),313,3130,49.62,86.44,0%,0%,215,197
325,PARYS GOLF CLUB,5300000348,100,541,8190,0,0,Mecer X22S,HNA,64 bit Windows 10 Home,N/A,N/A,Club Internet,Magtek 21040108,19.01.2018,23.04.2019,11.01.2022,3 year(s) 11 month(s),0,0,0,3645.97,0%,0%,179,161
326,PETRUS STEYN GOLF CLUB,5300000498,100,40,143,0,0,MSI Windtop 1941,HNA,32bit Windows 7 Home Basic SP1,Club Modem,N/A,Vodacom,Magtek 21040108,13.01.2014,22.03.2018,11.01.2022,7 year(s) 11 month(s),52,520,520,3650,0%,0%,418,395
327,REITZ GOLF CLUB,5300000379,100,60,682,44,375,MSI Windtop 1941,HNA,32bit Windows 7 Home Basic SP1,N/A,N/A,Club Internet,Magtek 21040108,19.12.2013,23.01.2017,11.01.2022,8 year(s) 0 month(s),52,520,248.66,2175.88,0%,0%,421,398
329,SAND RIVER GOLF CLUB,5300000356,100,69,1957,87,3148,Mecer X22S,HNA,64 bit Windows 10 Home,Vodafone K3565 Rev 2,726238431,Vodacom,Magtek 21040108,18.07.2010,18.07.2014,11.01.2022,11 year(s) 5 month(s),261,2610,185.01,285.59,0%,0%,406,383
330,SCHOEMAN PARK GOLF CLUB,5300000156,100,432,17676,36,77,Mecer X22S,HNA,64 bit Windows 10 Home,None,N/A,Club Internet,Gigatek MSR250HK,29.06.2016,29.06.2016,11.01.2022,5 year(s) 6 month(s),365,3650,3251.63,3251.63,0%,0%,74,68
331,SENEKAL GOLF CLUB,5300000447,100,103,1004,25,208,MSI Windtop 1941,HNA,32bit Windows 7 Home Basic SP1,None,N/A,Club Internet,Magtek 21040108,05.08.2014,25.11.2016,11.01.2022,7 year(s) 5 month(s),313,3130,1703.1,1968.78,0%,0%,277,257
332,Sishen Golf Club,5300000080,100,390,6921,82,342,Mecer LE22BW Screen & NUC7CJYH,HNA,64 bit Windows 10 Pro,N/A,N/A,Club Internet,Magtek 21040108,04.11.2021,04.11.2021,11.01.2022,0 year(s) 2 month(s),365,3650,1512.6,1512.6,0%,0%,156,140
333,SMITHFIELD GOLF CLUB,5300000292,100,54,356,34,318,MSI Windtop 1941,HNA,32bit Windows 7 Home Basic SP1,None,N/A,Club Internet,Magtek 21040108,25.11.2014,07.04.2017,11.01.2022,7 year(s) 1 month(s),52,520,288.64,2395.02,0%,0%,422,399
335,TEMPE GOLF CLUB,5300000645,100,137,3598,99,725,Mecer X22S,HNA,64 bit Windows 10 Home,None,N/A,Club Internet,Magtek 21040108,21.02.2017,21.02.2017,11.01.2022,4 year(s) 10 month(s),365,3650,2348.46,2348.46,0%,0%,191,173
338,VAAL DE GRACE GOLF ESTATE,5300000430,100,124,6135,299,960,Mecer LE22BW Screen & NUC7CJYH,HNA,64 bit Windows 10 Pro,None,N/A,Club Internet,Partner MSR213U,03.05.2021,04.05.2021,11.01.2022,0 year(s) 8 month(s),313,3130,1578.34,1856.66,0%,0%,205,187
339,VILJOENSKROON COUNTRY CLUB,5300000307,100,79,755,59,1049,Dell 5270,HNA,64bit Windows 10 Pro,Vodafone K3565 Rev 2,726237954,Vodacom,Gigatek MSR250HK,20.10.2021,20.10.2021,11.01.2022,0 year(s) 2 month(s),156,1560,573.23,1448.61,0%,0%,391,368
340,VREDE GOLF CLUB,5300000646,100,103,755,75,325,Mecer X22S,HNA,64 bit Windows 10 Home,None,N/A,Club Internet,Partner MSR213U,19.07.2017,19.07.2017,11.01.2022,4 year(s) 5 month(s),365,3650,1174.9,1174.9,0%,0%,325,302
341,WESSELSBRON GOLF CLUB,5300000421,100,62,847,72,624,Mecer LE22BW Screen & NUC7CJYH,HNA,64bit Windows 10 Pro,N/A,N/A,Club Internet,Partner MSR213U,15.04.2021,15.04.2021,11.01.2022,0 year(s) 8 month(s),313,3130,949.86,1091.27,0%,0%,360,337
343,WHITES GOLF CLUB,5300000063,100,113,1043,117,755,MSI AP200,HNA,32bit Windows 8.1 Embedded ,Club Modem,N/A,Club Internet,Magtek 21040108,17.12.2015,15.12.2017,11.01.2022,6 year(s) 0 month(s),104,1040,237.11,895.42,0%,0%,400,377
347,AMANZIMTOTI COUNTRY CLUB,5300000316,100,266,14149,235,1833,HP Compaq Elite 8300,HNA,64 bit Windows 10 Pro,N/A,N/A,Club Internet,Gigatek MSR250HK,08.01.2020,08.01.2020,11.01.2022,2 year(s) 0 month(s),365,3650,1704.58,1704.58,0%,0%,123,107
348,AMATIKULU COUNTRY CLUB,5300000166,100,34,152,9,65,Mecer X22S,Club,64 bit Windows 10 Home,Vodafone K3565 Rev 2,726237722,Vodacom,Gigatek MSR250HK,13.09.2018,13.09.2018,11.01.2022,3 year(s) 3 month(s),157,1570,1272.87,2957.3,0%,0%,352,329
349,AMPHITHEATRE GOLF CLUB,5300000167,100,15,300,0,0,MSI Windtop 1941,HNA,32bit Windows 7 Home Basic SP1,None,N/A,Club Internet,Champtek MR800,01.01.2014,09.10.2015,11.01.2022,8 year(s) 0 month(s),0,0,0,3650,0%,0%,432,409
350,ATHLONE GC - WINDSOR PARK,5300000630,100,216,6360,203,2908,Mecer LE22BW Screen & NUC7CJYH,HNA,64 bit Windows 10 Pro,None,N/A,Club Internet,Gigatek MSR250HK,16.03.2021,16.03.2021,11.01.2022,0 year(s) 9 month(s),365,3650,251.13,251.13,0%,0%,266,246
351,BLUFF NATIONAL PARK GOLF CLUB,5300000031,100,445,9011,209,1955,Mecer LE22BW Screen & NUC7CJYH,HNA,64 bit Windows 10 Pro,None,N/A,Club Internet,Magtek 21040108,08.04.2021,08.04.2021,11.01.2022,0 year(s) 9 month(s),365,3650,847.32,847.32,0%,0%,157,141
352,BOSCH HOEK GOLF CLUB,5300000583,100,186,11012,102,297,MSI AP190,HNA,64 bit Windows 8.1,None,N/A,Club Internet,Magtek 21040108,07.12.2015,07.12.2015,11.01.2022,6 year(s) 1 month(s),365,3650,1584.71,1584.71,0%,0%,155,139
353,CAMELOT COUNTRY CLUB,5300000173,100,144,7912,105,1479,Asus Screen & NUC7CJYH,HNA,64 bit Windows 10 Home,N/A,N/A,Club Internet,Gigatek MSR250HK,26.01.2021,26.01.2021,11.01.2022,0 year(s) 11 month(s),365,3650,383.72,383.72,0%,0%,253,234
354,CATHEDRAL PEAK GOLF CLUB,5300000301,100,5382,432,0,0,MSI AP190,HNA,64 bit Windows 8.1,None,N/A,Club Internet,Champtek MR800,15.09.2015,15.09.2015,11.01.2022,6 year(s) 3 month(s),365,3650,3640,3640,0.01%,0.01%,4,10
355,CATO RIDGE GOLF CLUB,5300000175,100,146,7471,249,3197,MSI AP190,HNA,64 bit Windows 8.1,D-Link 4G Mobile Router ,726237161,Vodacom,Magtek 21040108,02.12.2015,02.12.2015,11.01.2022,6 year(s) 1 month(s),365,3650,672.03,672.03,0%,0%,232,214
357,CHAMPAGNE SPORTS RESORT,5300000455,100,40,11239,557,2440,Dell 3050,Club,64 bit Windows 10 Pro,N/A,N/A,Club Internet,Gigatek MSR250HK,23.01.2020,23.01.2020,11.01.2022,1 year(s) 11 month(s),156,1560,81.42,226.35,0%,0%,256,237
359,COTSWOLD DOWNS LC,5300000181,100,487,21268,382,2302,Lenovo M810Z,HNA,64 bit Windows 10 Pro,None,N/A,Club Internet,Gigatek MSR250HK,26.08.2019,26.08.2019,11.01.2022,2 year(s) 4 month(s),313,3130,32.24,40.14,0%,0%,112,99
360,DARNALL GOLF CLUB,5300000547,100,88,1790,92,1179,Mecer X22S,HNA,64 bit Windows 10 Home,N/A,N/A,Club Internet,Gigatek MSR250HK,22.03.2018,19.12.2018,11.01.2022,3 year(s) 9 month(s),0,0,0,832.17,0%,0%,417,394
361,DUNDEE COUNTRY CLUB,5300000191,100,165,3884,141,984,Mecer X22S,HNA,64 bit Windows 10 Home,None,N/A,Club Internet,Magtek 21040108,07.09.2016,21.09.2020,11.01.2022,5 year(s) 4 month(s),365,3650,920.95,920.95,0%,0%,272,252
362,DURBAN COUNTRY CLUB,5300000265,50,785,24780,182,559,Dell 5270,HNA,64bit Windows 10 Pro,N/A,N/A,Club Internet,Gigatek MSR250HK,12.10.2021,12.10.2021,11.01.2022,0 year(s) 2 month(s),52,520,198.43,1425.08,0%,0%,77,72
364,DURBAN GC - PAPWA SEWGOLUM GC,5300000192,100,132,7030,216,1998,Mecer LE22BW Screen & NUC7CJYH,HNA,64 bit Windows 10 Home,None,N/A,Club Internet,Partner MSR213U,17.08.2021,17.08.2021,11.01.2022,0 year(s) 4 month(s),365,3650,806.29,806.29,0%,0%,234,216
367,EMPANGENI GOLF CLUB,5300000195,100,161,3437,136,2627,Dell 3050,HNA,64 bit Windows 10 Pro,None,N/A,Club Internet,Magtek 21040108,09.12.2020,09.12.2020,11.01.2022,1 year(s) 1 month(s),313,3130,235.11,278.71,0%,0%,336,313
368,ESHOWE COUNTRY CLUB,5300000659,100,83,2735,100,2421,Mecer X22S,HNA,64 bit Windows 10 Home,None,N/A,Club Internet,Magtek 21040108,24.08.2016,21.08.2020,11.01.2022,5 year(s) 4 month(s),365,3650,479.08,479.08,0%,0%,359,336
369,ESTCOURT GOLF CLUB,5300000463,100,128,3027,147,3171,Mecer X22S,HNA,64 bit Windows 10 Home,None,N/A,Club Internet,Partner MSR213U,26.07.2018,26.07.2018,11.01.2022,3 year(s) 5 month(s),313,3130,355.57,433.67,0%,0%,347,324
371,GLENCOE CORR SERVICES GC,5300000569,100,20,287,0,0,Asus AT16,,32bit Windows XP Home SP3,None,N/A,Club Internet,Magtek 21040108,01.07.2010,16.10.2014,11.01.2022,11 year(s) 6 month(s),104,1040,1040,3650,0%,0%,382,359
372,DRAKENSBERG GARDENS GC,5300000184,100,1727,1704,24,102,Mecer X22S,HNA,64 bit Windows 10 Home,Huawei E3131,726237055,Vodacom,Magtek 21040108,28.06.2016,02.09.2019,11.01.2022,5 year(s) 6 month(s),261,2610,1981.44,2689.12,0%,0%,65,61
373,GOWRIE FARM GOLF CLUB,5300000434,100,213,7694,303,1476,MSI Windtop 1941,,32bit Windows 7 Home Basic SP1,None,N/A,Club Internet,Champtek MR800,12.03.2014,12.03.2014,11.01.2022,7 year(s) 9 month(s),365,3650,351.32,351.32,0%,0%,233,215
375,GREYTOWN COUNTRY CLUB,5300000111,100,133,1845,84,1346,MSI Windtop 1941,,32bit Windows 7 Home Basic SP1,None,N/A,Club Internet,Champtek MR800,26.02.2013,26.02.2013,11.01.2022,8 year(s) 10 month(s),313,3130,1519.12,1851.01,0%,0%,264,244
377,HOWICK GOLF CLUB,5300000332,100,106,3579,186,4162,Mecer X22S,HNA,64 bit Windows 10 Home,None,N/A,Club Internet,Magtek 21040108,31.07.2018,20.11.2019,11.01.2022,3 year(s) 5 month(s),365,3650,942.49,942.49,0%,0%,293,272
379,KILBARCHAN GOLF CLUB,5300000209,100,100,2950,154,3444,Mecer X22S,HNA,64 bit Windows 10 Home,D-Link 4G Mobile Router,726236995,Vodacom,Magtek 21040108,07.02.2017,08.04.2021,11.01.2022,4 year(s) 11 month(s),104,1040,358.34,1324.69,0%,0%,361,338
380,KLOOF COUNTRY CLUB,5300000032,50,521,25892,212,1083,Lenovo M810Z,HNA,64 bit Windows 10 Pro,None,N/A,Club Internet,Partner MSR213U,14.02.2019,14.02.2019,11.01.2022,2 year(s) 10 month(s),365,3650,251.11,251.11,0%,0%,88,81
381,KOKSTAD GOLF CLUB,5300000662,100,133,2583,61,550,Mecer LE22BW Screen & NUC7CJYH,HNA,64 bit Windows 10 Pro,None,N/A,Club Internet,Magtek 21040108,02.06.2021,02.06.2021,11.01.2022,0 year(s) 7 month(s),313,3130,1542.18,1795.84,0%,0%,251,232
382,KWAMBONAMBI GOLF CLUB,5300000058,100,131,2100,8,25,MSI Windtop 1941,HNA,32bit Windows 7 Home Basic SP1,None,N/A,Club Internet,Champtek MR800,02.02.2014,09.12.2016,11.01.2022,7 year(s) 11 month(s),104,1040,857.16,3205.45,0%,0%,319,296
383,LADYSMITH COUNTRY CLUB,5300000215,100,125,3902,160,4049,Mecer X22S,HNA,64 bit Windows 10 Home,None,N/A,Club Internet,Magtek 21040108,22.03.2018,21.02.2019,11.01.2022,3 year(s) 9 month(s),365,3650,84.58,84.58,0%,0%,358,335
384,MAIDSTONE GOLF CLUB,5300000120,100,103,2357,105,1596,Mecer X22S,HNA,64bit Windows 10 Home,N/A,N/A,Club Internet,Magtek 21040108,31.08.2016,23.02.2021,11.01.2022,5 year(s) 4 month(s),365,3650,756.78,756.78,0%,0%,330,307
385,MANDINI SPORTS CLUB,5300000466,100,31,298,0,0,MSI Windtop 1941,HNA,32bit Windows 7 Home Basic SP1,None,N/A,Club Internet,Champtek MR800,07.10.2013,17.08.2016,11.01.2022,8 year(s) 3 month(s),365,3650,3650,3650,0%,0%,180,162
386,MARGATE COUNTRY CLUB,5300000222,100,103,9075,254,5339,HP Compaq Elite 8300,HNA,64 bit Windows 10 Pro,None,N/A,Club Internet,Gigatek MSR250HK,03.01.2020,03.01.2020,11.01.2022,2 year(s) 0 month(s),365,3650,243.82,243.82,0%,0%,259,239
387,MARITZBURG GOLF CLUB,5300000611,50,307,10134,182,810,Mecer X22S,HNA,64 bit Windows 10 Home,None,N/A,Club Internet,Magtek 21040108,24.08.2016,12.01.2018,11.01.2022,5 year(s) 4 month(s),365,3650,1503.17,1503.17,0%,0%,147,131
388,MATATIELE GOLF CLUB,5300000223,100,90,1052,0,0,Asus AT16,,32bit Windows XP Home SP3,Vodafone K3565 Rev 2,726236621,Vodacom,Magtek 21040108,01.07.2010,01.07.2010,11.01.2022,11 year(s) 6 month(s),209,2090,2090,3650,0%,0%,248,230
391,MONKS COWL GOLF CLUB,5300000365,100,271,597,0,0,Mecer X22S,HNA,64 bit Windows 10 Home,N/A,N/A,Club Internet,Magtek 21040108,15.12.2016,03.11.2017,11.01.2022,5 year(s) 0 month(s),365,3650,3650,3650,0%,0%,145,129
392,MONZI GOLF CLUB,5300000306,100,72,2080,84,1676,DELL 3050,HNA,64bit Windows 10 Home,None,N/A,Club Internet,Gigatek MSR250HK,02.02.2021,02.02.2021,11.01.2022,0 year(s) 11 month(s),261,2610,786.12,1172.37,0%,0%,344,321
393,MOOI RIVER COUNTRY CLUB,5300000077,100,60,1369,52,325,MSI Windtop 1941,HNA,32bit Windows 7 Home Basic SP1,Vodafone K3565 Rev 2,726263763,Vodacom,Magtek 21040108,01.10.2014,15.12.2016,11.01.2022,7 year(s) 3 month(s),313,3130,1943.54,2250.02,0%,0%,262,242
394,MOUNT EDGECOMBE CC,5300000090,50,1116,54974,140,404,Club Machine,Club,Unknown,None,N/A,Club Internet,Champtek MR800,,01.07.2010,11.01.2022,0 year(s) 0 month(s),365,3650,1012.42,1012.42,0.01%,0.01%,11,3
394,MOUNT EDGECOMBE CC,5300000094,50,1116,54974,466,1675,HP Compaq Elite 8300,HNA,64 bit Windows 10 Pro,None,N/A,Club Internet,Gigatek MSR250HK,29.11.2019,29.11.2019,11.01.2022,2 year(s) 1 month(s),365,3650,473.5,473.5,0.01%,0.01%,14,3
396,MTUNZINI COUNTRY CLUB,5300000122,100,106,2812,1,1,Mecer X22S,HNA,64 bit Windows 10 Home,None,N/A,Club Internet,Magtek 21040108,16.09.2016,05.04.2019,11.01.2022,5 year(s) 3 month(s),261,2610,2506.69,3496.69,0%,0%,196,178
397,NEWCASTLE COUNTRY CLUB,5300000228,50,179,5207,150,1501,Mecer X22S,HNA,64bit Windows 10 Home,None,N/A,Club Internet,Gigatek MSR250HK,22.03.2018,04.06.2021,11.01.2022,3 year(s) 9 month(s),313,3130,484.93,606.31,0%,0%,282,128
397,NEWCASTLE COUNTRY CLUB,5300000250,50,179,5207,86,448,Mecer X22S,HNA,64bit Windows 10 Home,None,N/A,Club Internet,Gigatek MSR250HK,08.09.2017,09.06.2021,11.01.2022,4 year(s) 4 month(s),313,3130,825.21,972.41,0%,0%,250,128
398,NOODSBERG COUNTRY CLUB,5300000190,100,103,2420,101,599,MSI Windtop 1941,,32bit Windows 7 Home Basic SP1,None,N/A,Club Internet,Champtek MR800,28.08.2014,27.09.2016,11.01.2022,7 year(s) 4 month(s),313,3130,1179.45,1372.25,0%,0%,294,273
399,PAULPIETERSBURG COUNTRY CLUB,5300000386,100,68,475,0,0,MSI Windtop 1941,HNA,32bit Windows 7 Home Basic SP1,Vodafone K3565 Rev 2,726237283,Vodacom,Champtek MR800,26.02.2013,27.09.2016,11.01.2022,8 year(s) 10 month(s),52,520,495.31,3473.23,0%,0%,404,381
400,PONGOLA GOLF CLUB,5300000378,100,90,2166,15,34,Mecer X22S,HNA,64 bit Windows 10 Home,Vodafone K3565 Rev 2,726236829,Vodacom,Magtek 21040108,29.09.2016,29.09.2016,11.01.2022,5 year(s) 3 month(s),261,2610,2284.28,3203.1,0%,0%,216,198
401,PORT EDWARD COUNTRY CLUB,5300000350,100,97,2936,76,2033,MSI Windtop 1941,,32bit Windows 7 Home Basic SP1,None,N/A,Club Internet,Champtek MR800,20.02.2013,20.02.2013,11.01.2022,8 year(s) 10 month(s),261,2610,655.6,943.89,0%,0%,331,308
402,PORT SHEPSTONE COUNTRY CLUB,5300000127,50,4381,11126,422,5646,Mecer X22S,HNA,64 bit Windows 10 Home,None,N/A,Club Internet,Partner MSR213U,15.08.2016,15.08.2016,11.01.2022,5 year(s) 4 month(s),365,3650,242.35,242.35,0.01%,0.01%,5,14
403,PRINCE'S GRANT GOLF CLUB,5300000034,100,433,14920,495,1878,Mecer X22S,HNA,64 bit Windows 10 Home,None,N/A,Club Internet,Partner MSR213U,18.07.2017,21.08.2020,11.01.2022,4 year(s) 5 month(s),365,3650,375.4,375.4,0%,0%,138,122
404,RICHARDS BAY COUNTRY CLUB,5300000345,100,184,7708,184,1589,Mecer X22S,HNA,64 bit Windows 10 Home,None,N/A,Club Internet,Magtek 21040108,03.10.2017,03.10.2017,11.01.2022,4 year(s) 3 month(s),365,3650,577.58,577.58,0%,0%,224,206
405,RICHMOND NATAL COUNTRY CLUB,5300000438,100,82,980,0,0,MSI Windtop 1941,HNA,32bit Windows 7 Home Basic SP1,Vodafone K3565 Rev 2,726263606,Vodacom,Magtek 21040108,30.09.2014,08.03.2017,11.01.2022,7 year(s) 3 month(s),52,520,520,3647.23,0%,0%,390,367
406,RIVERSIDE GC KZN,5300000253,100,137,1787,97,953,Dell 3050,HNA,64 bit Windows 10 Home,Vodafone K3565 Rev 2,726236605,Vodacom,Gigatek MSR250HK,17.08.2021,17.08.2021,11.01.2022,0 year(s) 4 month(s),313,3130,1821.53,2103.79,0%,0%,241,223
407,ROYAL DURBAN GOLF CLUB,5300000035,50,483,30390,18,41,Mecer LE22BW Screen & NUC7CJYH,HNA,64 bit Windows 10 Home,None,N/A,Club Internet,Gigatek MSR250HK,26.05.2021,26.05.2021,11.01.2022,0 year(s) 7 month(s),365,3650,3167.58,3167.58,0%,0.01%,38,15
407,ROYAL DURBAN GOLF CLUB,5300000052,50,483,30390,657,3640,Dell 3050,Club,64 bit Windows 10 Pro,None,N/A,Club Internet,Gigatek MSR250HK,29.07.2019,29.07.2019,11.01.2022,2 year(s) 5 month(s),365,3650,657.1,657.1,0%,0.01%,71,15
409,SAKABULA GOLF COURSE,5300000134,100,40,857,46,766,Mecer X22S,HNA,64 bit Windows 10 Home,N,N/A,Club Internet,Magtek 21040108,23.09.2016,23.09.2016,11.01.2022,5 year(s) 3 month(s),365,3650,1159.03,1159.03,0%,0%,345,322
410,SAN LAMEER COUNTRY CLUB,5300000357,100,236,11357,183,534,HP Compaq Elite 8300,HNA,64 bit Windows 10 Pro,None,N/A,Club Internet,Gigatek MSR250HK,27.11.2019,27.11.2019,11.01.2022,2 year(s) 1 month(s),261,2610,1487.88,2057.32,0%,0%,149,133
412,SCOTTBURGH GOLF CLUB,5300000601,100,127,4732,145,1349,HP Compaq Elite 8300,HNA,64 bit Windows 10 Pro,None,N/A,Club Internet,Gigatek MSR250HK,13.01.2020,13.01.2020,11.01.2022,1 year(s) 11 month(s),0,0,0,857.03,0%,0%,348,325
413,SELBORNE GOLF ESTATE,5300000411,100,193,13434,380,1392,Lenovo M810Z,HNA,64 bit Windows 10 Pro,None,N/A,Club Internet,Gigatek MSR250HK,26.07.2019,26.07.2019,11.01.2022,2 year(s) 5 month(s),365,3650,58.43,58.43,0%,0%,194,176
414,SIMBITHI COUNTRY CLUB,5300000647,50,642,24513,20,52,Dell 3050,HNA,64bit Windows 10 Pro,None,N/A,Club Internet,Partner MSR213U,15.10.2021,15.10.2021,11.01.2022,0 year(s) 2 month(s),365,3650,3302,3302,0%,0%,40,37
415,SOUTHBROOM GOLF CLUB,5300000355,100,462,18604,492,4710,Lenovo M810Z,HNA,64 bit Windows 10 Pro,None,N/A,Club Internet,Gigatek MSR250HK,03.05.2019,03.05.2019,11.01.2022,2 year(s) 8 month(s),365,3650,124.31,124.31,0%,0%,118,103
416,ST CATHRYNS GOLF CLUB,5300000236,100,571,703,92,557,Mecer X22S,HNA,64 bit Windows 10 Home,None,N/A,Club Internet,Partner MSR213U,04.08.2016,04.08.2016,11.01.2022,5 year(s) 5 month(s),365,3650,959.99,959.99,0%,0%,201,183
418,UMDONI PARK GOLF CLUB,5300000142,100,344,16826,477,2217,Dell 3050,HNA,64 bit Windows 10 Pro,None,N/A,Club Internet,Partner MSR213U,23.09.2020,23.09.2020,11.01.2022,1 year(s) 3 month(s),365,3650,396.15,396.15,0%,0%,136,120
419,UMFOLOZI COUNTRY CLUB,5300000676,50,1029,1216,8,27,Mecer X22S,HNA,64 bit Windows 10 Home,None,N/A,Club Internet,Magtek 21040108,18.07.2017,05.07.2018,11.01.2022,4 year(s) 5 month(s),104,1040,973.49,3512.65,0%,0%,130,114
420,UMHLALI COUNTRY CLUB,5300000609,100,639,27146,594,4892,Mecer X22S,HNA,64 bit Windows 10 Home,None,N/A,Club Internet,Gigatek MSR250HK,16.05.2017,02.02.2021,11.01.2022,4 year(s) 7 month(s),365,3650,170.27,170.27,0%,0.01%,78,20
420,UMHLALI COUNTRY CLUB,5300000725,100,639,27146,711,14311,Mecer X22S,Club,64 bit Windows 10 Home,N/A,N/A,Club Internet,Gigatek MSR250HK,13.11.2018,13.11.2018,11.01.2022,3 year(s) 1 month(s),365,3650,123.44,123.44,0%,0.01%,79,20
421,UMKOMAAS GOLF CLUB,5300000036,100,216,7995,348,8008,MSI AP190,HNA,64 bit Windows 8.1,Huawei E3531,726230751,Vodacom,Magtek 21040108,12.05.2015,11.11.2019,11.01.2022,6 year(s) 7 month(s),209,2090,186.33,367.38,0%,0%,247,229
422,UNDERBERG COUNTRY CLUB,5300000446,100,77,2764,59,1272,MSI Windtop 1941,,32bit Windows 7 Home Basic SP1,None,N/A,Club Internet,Champtek MR800,03.12.2013,03.12.2013,11.01.2022,8 year(s) 1 month(s),0,0,0,909.77,0%,0%,402,379
425,VICTORIA COUNTRY CLUB,5300000249,100,602,21604,3,7,Mecer X22S,HNA,64 bit Windows 10 Home,None,N/A,Club Internet,Magtek 21040108,18.10.2016,18.10.2016,11.01.2022,5 year(s) 2 month(s),365,3650,3580.39,3580.39,0%,0%,48,46
426,VRYHEID GOLF CLUB,5300000364,50,172,6384,89,1162,Mecer X22S,Club,64 bit Windows 10 Home,N/A,N/A,Club Internet,Gigatek MSR250HK,03.11.2017,03.11.2017,11.01.2022,4 year(s) 2 month(s),365,3650,3129.76,3129.76,0%,0%,140,80
426,VRYHEID GOLF CLUB,5300000552,50,172,6384,155,5718,HP Compaq Elite 8300,HNA,64 bit Windows 10 Pro,N/A,N/A,Club Internet,Partner MSR213U,10.12.2019,10.12.2019,11.01.2022,2 year(s) 1 month(s),365,3650,527.4,527.4,0%,0%,258,80
427,WILD COAST SUN,5300000373,100,102,8153,169,605,MSI AP190,HNA,64 bit Windows 8.1,Vodafone K3565 Rev 2,726237544,Vodacom,Magtek 21040108,08.05.2015,02.09.2020,11.01.2022,6 year(s) 8 month(s),0,0,0,2129.58,0%,0%,295,274
429,Zimbali Country Club,5300000037,100,600,22737,176,755,MSI AP190,HNA,64bit Windows 8.1,None,N/A,Club Internet,Magtek 21040108,23.06.2015,30.05.2017,11.01.2022,6 year(s) 6 month(s),365,3650,1013.96,1013.96,0%,0%,82,75
431,ALBERTINIA GOLF CLUB,5300000381,100,79,286,64,184,DELL 3050,HNA,64 bit Windows 10 Pro,Vodafone K3565 Rev 2,726237634,Vodacom,Gigatek MSR250HK,05.07.2019,05.07.2019,11.01.2022,2 year(s) 6 month(s),52,520,469.52,3595.67,0%,0%,410,387
432,BOGGOMSBAAI GOLF CLUB,5300000092,100,107,1150,82,1613,Asus Screen & NUC7CJYH,HNA,64 bit Windows 10 Pro,D-Link 4G Mobile Router,726237944,Vodacom,Magtek 21040108,15.12.2020,15.12.2020,11.01.2022,1 year(s) 0 month(s),104,1040,413.37,1842.17,0%,0%,388,365
433,FANCOURT COUNTRY CLUB,5300000070,100,642,31818,155,989,Lenovo M810Z,HNA,64 bit Windows 10 Pro,None,N/A,Club Internet,Magtek  21040108,10.09.2019,10.09.2019,11.01.2022,2 year(s) 4 month(s),365,3650,74.18,74.18,0%,0%,67,63
434,GEORGE GOLF CLUB,5300000322,100,924,37048,483,2956,Mecer X22S,HNA,64bit Windows 10 Home,None,N/A,Club Internet,Gigatek MSR250HK,15.08.2016,28.01.2021,11.01.2022,5 year(s) 4 month(s),365,3650,87.09,87.09,0%,0%,37,36
435,Goose Valley Golf Club,5300000555,100,526,24490,365,1295,Asus Screen & NUC7CJYH,HNA,64 bit Windows 10 Home,None,N/A,Club Internet,Gigatek MSR250HK,09.03.2021,09.03.2021,11.01.2022,0 year(s) 10 month(s),365,3650,453.13,453.13,0%,0%,91,83
436,HEIDELBERG GOLF CLUB (CAPE),5300000201,100,92,3069,272,3727,Mecer X22S,HNA,64 bit Windows 10 Home,Vodafone K3565 Rev 2,726237519,Vodacom,Partner MSR213U,06.06.2017,06.06.2017,11.01.2022,4 year(s) 7 month(s),313,3130,339.65,378.46,0%,0%,364,341
437,KINGSWOOD GOLF ESTATE,5300000210,100,599,24737,178,454,Mecer X22S,HNA,64 bit Windows 10 Home,None,N/A,Club Internet,Partner MSR213U,28.07.2016,28.10.2020,11.01.2022,5 year(s) 5 month(s),313,3130,704.89,837.57,0%,0%,80,73
438,KNYSNA GOLF CLUB,5300000327,100,726,27838,282,1274,Mecer LE22BW Screen & NUC7CJYH,HNA,64 bit Windows 10 Pro,None,N/A,Club Internet,Partner MSR213U,19.03.2021,19.03.2021,11.01.2022,0 year(s) 9 month(s),365,3650,848.52,848.52,0%,0%,64,60
439,LADISMITH GOLF CLUB,5300000308,100,110,623,72,595,Mecer X22S,HNA,64 bit Windows 10 Home,Vodafone K3565 Rev 2,726237815,Vodacom,Magtek 21040108,23.11.2017,23.11.2017,11.01.2022,4 year(s) 1 month(s),52,520,280.77,2290.44,0%,0%,409,386
441,MOSSEL BAY GOLF CLUB,5300000091,100,776,37273,0,0,Lenovo M810Z,HNA,64 bit Windows 10 Pro,None,N/A,Club Internet,Gigatek MSR250HK,14.09.2018,14.09.2018,11.01.2022,3 year(s) 3 month(s),365,3650,3650,3650,0.01%,0.01%,25,24
442,OUBAAI GOLF CLUB,5300000038,50,340,18937,906,3498,Mecer LE22BW Screen & NUC7CJYH,HNA,64 bit Windows 10 Home,None,N/A,Club Internet,Gigatek MSR250HK,04.10.2021,04.10.2021,11.01.2022,0 year(s) 3 month(s),365,3650,501.7,501.7,0%,0%,121,105
443,OUDTSHOORN GOLF CLUB,5300000124,100,161,6226,348,9701,Mecer X22S,HNA,64 bit Windows 10 Home,N/A,N/A,Club Internet,Magtek 21040108,22.03.2018,11.07.2019,11.01.2022,3 year(s) 9 month(s),365,3650,253.48,253.48,0%,0%,287,266
444,PEZULA CHAMPIONSHIP COURSE,5300000349,100,278,12747,0,0,Mecer X22S,HNA,64 bit Windows 10 Home,None,N/A,Club Internet,Partner MSR213U,15.08.2016,15.08.2016,11.01.2022,5 year(s) 4 month(s),365,3650,3650,3650,0%,0%,96,86
445,PLETTENBERG BAY COUNTRY CLUB,5300000340,100,745,34016,260,1671,Dell 5270,HNA,64 bit Windows 10 Pro,None,N/A,Club Internet,Magtek 21040108,29.10.2021,29.10.2021,11.01.2022,0 year(s) 2 month(s),365,3650,212.1,212.1,0%,0%,51,49
446,RIVERSDALE GOLF CLUB,5300000231,100,212,6329,318,2074,Mecer X22S,HNA,64 bit Windows 10 Home,None,N/A,Club Internet,Magtek 21040108,08.02.2017,20.08.2019,11.01.2022,4 year(s) 11 month(s),365,3650,383.76,383.76,0%,0%,257,238
447,SIMOLA GOLF & COUNTRY ESTATE,5300000235,100,295,15312,311,1356,Mecer X22S,HNA,64 bit Windows 10 Home,N/A,N/A,Club Internet,Magtek 21040108,05.09.2016,10.02.2020,11.01.2022,5 year(s) 4 month(s),365,3650,454.17,454.17,0%,0%,148,132
448,STILL BAY GOLF CLUB,5300000409,100,323,11012,247,3609,MSI AP190,HNA,64 bit Windows 8.1,None,N/A,Club Internet,Champtek MR800,21.08.2015,21.08.2015,11.01.2022,6 year(s) 4 month(s),365,3650,91.31,91.31,0%,0%,190,172
449,THE LINKS,5300000375,100,102,6092,14,43,Mecer X22S,HNA,64 bit Windows 10 Home,None,N/A,Club Internet,Partner MSR213U,17.08.2016,24.02.2020,11.01.2022,5 year(s) 4 month(s),313,3130,1150.53,1349.22,0%,0%,229,211
452,PINNACLE POINT GOLF CLUB,5300000351,100,281,18135,280,655,MSI AP190,HNA,64 bit Windows 10 Home,None,N/A,Club Internet,Magtek 21040108,09.10.2015,17.02.2020,11.01.2022,6 year(s) 3 month(s),365,3650,541.14,541.14,0%,0%,129,113
453,ATLANTIC BEACH LINKS,5300000605,100,636,26550,134,633,Dell 3050,HNA,64 bit Windows 10 Home ,None,N/A,Club Internet,Magtek 21040108,22.01.2021,22.01.2021,11.01.2022,0 year(s) 11 month(s),365,3650,660.42,660.42,0%,0%,73,67
454,BELLVILLE GOLF CLUB,5300000044,100,1113,32075,197,727,Dell 3050,HNA,64 bit Windows 10 Home,None,N/A,Club Internet,Magtek 21040108,01.12.2020,01.12.2020,11.01.2022,1 year(s) 1 month(s),365,3650,1846.45,1846.45,0.01%,0.01%,30,31
456,CLOVELLY COUNTRY CLUB,5300000323,100,1447,45172,198,1064,Lenovo M810Z,HNA,64 bit Windows 10 Pro,None,N/A,Club Internet,Gigatek MSR250HK,06.11.2018,06.11.2018,11.01.2022,3 year(s) 2 month(s),365,3650,1723.54,1723.54,0.01%,0.01%,10,18
458,DE ZALZE GOLF CLUB,5300000656,100,521,31123,205,692,Mecer X22S,HNA,64 bit Windows 10 Home,None,N/A,Club Internet,Gigatek MSR250HK,13.03.2018,06.05.2019,11.01.2022,3 year(s) 9 month(s),365,3650,1959.98,1959.98,0%,0%,47,45
459,DURBANVILLE GOLF CLUB,5300000061,50,1034,45397,364,3622,Lenovo M810Z,HNA,64 bit Windows 10 Pro,None,N/A,Club Internet,Gigatek MSR250HK,06.11.2018,06.11.2018,11.01.2022,3 year(s) 2 month(s),365,3650,50.71,50.71,0.01%,0.01%,27,26
460,ERINVALE GOLF CLUB,5300000517,100,644,33314,286,1409,Asus Screen & NUC7CJYH,HNA,64 bit Windows 10 Home,None,N/A,Club Internet,Magtek 21040108,22.01.2021,22.01.2021,11.01.2022,0 year(s) 11 month(s),313,3130,366.08,441.17,0%,0%,60,58
461,Fairview Golf Club,5300000537,100,65,767,64,562,Mecer X22S,HNA,64 bit Windows 10 Pro,None,N/A,Club Internet,Magtek 21040108,03.05.2018,05.01.2022,11.01.2022,3 year(s) 8 month(s),365,3650,1956.4,1956.4,0%,0%,273,253
463,METROPOLITAN GOLF CLUB,5300000336,100,625,25849,234,2334,Lenovo M810Z,HNA,64 bit Windows 10 Pro,None,N/A,Club Internet,Magtek 21040108,18.09.2019,18.09.2019,11.01.2022,2 year(s) 3 month(s),365,3650,67.95,67.95,0%,0%,84,77
464,MILNERTON GOLF CLUB,5300000084,100,774,39529,22,37,Lenovo M810Z,HNA,64 bit Windows 10 Pro,None,N/A,Club Internet,Gigatek MSR250HK,01.11.2018,01.11.2018,11.01.2022,3 year(s) 2 month(s),365,3650,3443.57,3443.57,0.01%,0.01%,23,22
465,King David Mowbray GC,5300000384,100,926,37856,365,3859,Lenovo M810Z,HNA,64 bit Windows 10 Pro,None,N/A,Club Internet,Gigatek MSR250HK,08.11.2018,08.11.2018,11.01.2022,3 year(s) 2 month(s),365,3650,39.83,39.83,0%,0%,35,34
466,PAROW GOLF CLUB,5300000152,100,612,26933,281,1954,Mecer X22S,HNA,64 bit Windows 10 Home,None,N/A,Club Internet,Magtek 21040108,26.08.2016,26.08.2016,11.01.2022,5 year(s) 4 month(s),365,3650,556.21,556.21,0%,0%,75,70
467,RONDEBOSCH GOLF CLUB,5300000584,100,524,32872,407,3885,Dell 5270,HNA,64bit Windows 10 Pro,None,N/A,Club Internet,Magtek 21040108,19.10.2021,19.10.2021,11.01.2022,0 year(s) 2 month(s),365,3650,387.13,387.13,0%,0%,66,62
468,ROYAL CAPE GOLF CLUB,5300000039,34,853,40820,5,5,Mecer X22S,Club,64 bit Windows 10 Home,N/A,N/A,Club Internet,Gigatek MSR250HK,10.10.2017,10.10.2017,11.01.2022,4 year(s) 3 month(s),313,3130,3026.4,3536.4,0.01%,0.02%,20,2
468,ROYAL CAPE GOLF CLUB,5300000563,33,853,40820,0,0,HP EliteOne 800,HNA,64 bit Windows 10 Pro,None,N/A,Club Internet,Gigatek MSR250HK,07.01.2020,07.01.2020,11.01.2022,2 year(s) 0 month(s),365,3650,3650,3650,0.01%,0.02%,17,2
468,ROYAL CAPE GOLF CLUB,5300000703,100,853,40820,0,0,Mecer X22S,HNA,64 bit Windows 10 Home,None,N/A,Club Internet,Partner MSR213U,23.03.2018,23.03.2018,11.01.2022,3 year(s) 9 month(s),365,3650,3650,3650,0.01%,0.02%,17,2
469,SIMONS TOWN COUNTRY CLUB,5300000137,100,250,1912,91,1533,Dell 5270,HNA,64 bit Windows 10 Home,None,N/A,Club Internet,Gigatek MSR250HK,08.09.2021,08.09.2021,11.01.2022,0 year(s) 4 month(s),365,3650,419.22,419.22,0%,0%,317,294
470,SOMERSET WEST GOLF CLUB,5300000661,100,853,30172,287,2878,Asus Screen & NUC7CJYH,HNA,64bit Windows 10 Pro,None,N/A,Club Internet,Magtek 21040108,13.01.2021,13.01.2021,11.01.2022,0 year(s) 11 month(s),365,3650,257.2,257.2,0%,0%,55,53
471,STEENBERG GOLF CLUB,5300000255,100,772,34854,113,452,HP Compaq Elite 8300,HNA,64 bit Windows 10 Home,None,N/A,Club Internet,Magtek 21040108,12.02.2020,12.02.2020,11.01.2022,1 year(s) 10 month(s),365,3650,388.74,388.74,0%,0%,42,39
472,Strand Golf Club,5300000260,50,892,34617,515,3566,Lenovo M810Z,HNA,64 bit Windows 10 Pro,None,N/A,Club Internet,Gigatek MSR250HK,06.11.2018,06.11.2018,11.01.2022,3 year(s) 2 month(s),365,3650,55.41,55.41,0%,0%,41,38
473,WESTLAKE GOLF CLUB,5300000040,50,874,51303,187,2007,Mecer X22S,HNA,64 bit Windows 10 Home,None,N/A,Club Internet,Magtek 21040108,23.08.2017,23.08.2017,11.01.2022,4 year(s) 4 month(s),365,3650,614.02,614.02,0.01%,0.01%,24,8
473,WESTLAKE GOLF CLUB,5300000479,50,874,51303,113,438,HP Compaq Elite 8300,HNA,64 bit Windows 10 Pro,N/A,N/A,Club Internet,Gigatek MSR250HK,16.01.2020,16.01.2020,11.01.2022,1 year(s) 11 month(s),365,3650,997.88,997.88,0.01%,0.01%,19,8
474,KANSANSHI GOLF CLUB,5300000523,100,134,1424,0,0,Mecer X22S,Club,64 bit Windows 10 Home,None,N/A,Club Internet,Gigatek MSR250HK,03.04.2018,03.04.2018,11.01.2022,3 year(s) 9 month(s),365,3650,3650,3650,0%,0%,158,142
475,USUTU FOREST GOLF CLUB,5300000709,100,41,1014,69,910,Mecer X22S,Club,64 bit Windows 10 Home,N/A,N/A,Club Internet,Gigatek MSR250HK,28.02.2018,28.02.2018,11.01.2022,3 year(s) 10 month(s),365,3650,2993.11,2993.11,0%,0%,202,184
476,Ezulwini Golf and Country Club,5300000690,100,154,4225,291,6072,MSI AP200,Club,32bit Windows 8.1 Embedded,None,N/A,Club Internet,Gigatek MSR250HK,11.12.2015,11.12.2015,11.01.2022,6 year(s) 1 month(s),365,3650,1422.04,1422.04,0%,0%,223,205
481,HENTIES BAY GOLF CLUB,5300000716,100,42,1060,75,1455,Mecer X22S,Club,64 bit Windows 10 Home,N/A,N/A,Club Internet,Gigatek MSR250HK,23.07.2018,23.07.2018,11.01.2022,3 year(s) 5 month(s),365,3650,1228.9,1228.9,0%,0%,334,311
482,ROSSMUND GOLF CLUB,5300000536,100,121,6351,250,5948,MSI Windtop 1941,Club,32bit Windows 7 Home Basic SP1,None,N/A,Club Internet,Champtek MR800,19.12.2013,19.12.2013,11.01.2022,8 year(s) 0 month(s),313,3130,193.09,236.77,0%,0%,302,280
483,WINDHOEK GOLF & COUNTRY CLUB,5300000538,100,516,12345,411,12780,Club Machine,Club,Unknown,None,N/A,Club Internet,Unknown,,01.07.2010,11.01.2022,0 year(s) 0 month(s),365,3650,340.29,340.29,0%,0%,143,126
484,GOBABIS GOLF CLUB,5300000528,100,25,197,26,341,Club Machine,Club,Windows 7,None,N/A,Club Internet,Unknown,01.01.2009,01.07.2010,11.01.2022,13 year(s) 0 month(s),105,1050,690.53,2205.05,0%,0%,411,388
486,WALVIS BAY GOLF CLUB,5300000508,100,154,2681,102,2163,Club Machine,Club,Unknown,None,N/A,Club Internet,Unknown,,01.07.2010,11.01.2022,0 year(s) 0 month(s),365,3650,32.67,32.67,0%,0%,381,358
488,OKAHANDJA GOLF CLUB,5300000734,100,24,586,27,707,DELL 3050,Club,64 bit Windows 10 Pro,N/A,N/A,Club Internet,Gigatek MSR250HK,05.07.2019,05.07.2019,11.01.2022,2 year(s) 6 month(s),365,3650,3247.52,3247.52,0%,0%,200,182
489,TSUMEB GOLF CLUB,5300000713,100,72,1208,48,196,Mecer X22S,Club,64 bit Windows 10 Home,N/A,N/A,Club Internet,Gigatek MSR250HK,26.07.2018,26.07.2018,11.01.2022,3 year(s) 5 month(s),365,3650,3603.19,3603.19,0%,0%,169,150
490,OSHAKATI GOLF CLUB,5300000727,100,48,709,1,2,Asus AT16 (Upgraded by Club),Club,Windows 7,None,N/A,Club Internet,Magtek 21040108,,,11.01.2022,0 year(s) 0 month(s),365,3650,3639.5,3639.5,0%,0%,173,154
498,HUDDLE PARK GOLF AND RECREATION,5300000628,100,594,19935,236,1220,HP Compaq Elite 8300,HNA,64 bit Windows 10 Pro,None,N/A,Club Internet,Gigatek MSR250HK,17.12.2019,17.12.2019,11.01.2022,2 year(s) 0 month(s),365,3650,1151.95,1151.95,0%,0%,89,82
501,Wedgewood Golf Club,5300000669,100,372,13229,314,1338,MSI Windtop 1941,,32bit Windows 7 Home Basic SP1,None,N/A,Club Internet,Champtek MR800,22.01.2015,22.01.2015,11.01.2022,6 year(s) 11 month(s),365,3650,788.78,788.78,0%,0%,141,124
502,SPRINGS COUNTRY CLUB,5300000449,100,281,7099,148,868,Mecer X22S,HNA,64 bit Windows 10 Home,N/A,N/A,Club Internet,Magtek 21040108,24.10.2016,09.09.2020,11.01.2022,5 year(s) 2 month(s),365,3650,916.42,916.42,0%,0%,197,179
514,BEAUFORT WEST GOLF CLUB,5300000497,100,48,644,20,303,MSI AP190,,64 bit Windows 8.1,Vodafone K3565 Rev 2,726237054,Vodacom,Magtek 21040108,05.03.2015,05.03.2015,11.01.2022,6 year(s) 10 month(s),313,3130,2527.83,3047.83,0%,0%,228,210
530,MARIENTAL GOLF CLUB- NAMIBIA,5300000729,100,21,269,24,495,Lenovo M810Z,Club,64 bit Windows 10 Pro,N/A,N/A,Club Internet,Gigatek MSR250HK,29.03.2019,29.03.2019,11.01.2022,2 year(s) 9 month(s),365,3650,399.08,399.08,0%,0%,424,401
540,SUN CITY GOLF CLUB,5300000518,50,109,16794,0,0,Mecer LE22BW Screen & NUC7CJYH,HNA,64 bit Windows 10 Home,Vodafone K3565 Rev 2,726237439,Vodacom,Magtek 21040108,23.04.2021,23.04.2021,11.01.2022,0 year(s) 8 month(s),313,3130,3110.95,3630.95,0%,0.01%,101,23
540,SUN CITY GOLF CLUB,5300000519,50,109,16794,0,0,Mecer LE22BW Screen & NUC7CJYH,HNA,64 bit Windows 10 Home,Vodafone K3565 Rev 2,726237439,Vodacom,Magtek 21040108,23.04.2021,23.04.2021,11.01.2022,0 year(s) 8 month(s),365,3650,3613.43,3613.43,0%,0.01%,94,23
546,Sesambos Golf Club,5300000578,100,58,843,100,862,Mecer X22S,Club,64 bit Windows 10 Home,None,N/A,Club Internet,Gigatek MSR250HK,16.08.2018,16.08.2018,11.01.2022,3 year(s) 4 month(s),0,0,0,832.8,0%,0%,428,405
548,Omeya Golf Club,5300000718,100,348,9086,103,396,,Club,,,,,,,07.10.2018,11.01.2022,0 year(s) 0 month(s),365,3650,973.07,973.07,0%,0%,166,148
550,KASASA GOLF CLUB,5300000665,100,40,266,0,0,MSI Windtop 1941,Club,32bit Windows 7 Home Basic SP1,None,N/A,Club Internet,Champtek MR800,06.10.2014,06.10.2014,11.01.2022,7 year(s) 3 month(s),365,3650,3649.91,3649.91,0%,0%,178,160
551,LILONGWE GOLF CLUB,5300000621,100,218,5446,0,0,MSI Windtop 1941,Club,32bit Windows 7 Home Basic SP1,None,N/A,Club Internet,Champtek MR800,26.02.2014,26.02.2014,11.01.2022,7 year(s) 10 month(s),0,0,0,3650,0%,0%,299,278
552,MBAWA COUNTRY CLUB,5300000619,100,26,148,0,0,MSI AP200,Club,32bit Windows 8.1 Embedded ,None,N/A,Club Internet,Champtek MR800,27.01.2016,27.01.2016,11.01.2022,5 year(s) 11 month(s),156,1560,1560,3650,0%,0%,328,305
554,NCHALO SPORTS CLUB,5300000686,100,34,160,0,0,MSI AP190,Club,64 bit Windows 8.1,None,N/A,Club Internet,Champtek MR800,26.10.2015,26.10.2015,11.01.2022,6 year(s) 2 month(s),365,3650,3650,3650,0%,0%,182,164
556,BLANTYRE SPORTS CLUB,5300000623,100,174,3150,9,303,MSI Windtop 1941,Club,32bit Windows 7 Home Basic SP1,None,N/A,Club Internet,Champtek MR800,22.04.2013,22.04.2013,11.01.2022,8 year(s) 8 month(s),0,0,0,1190.91,0%,0%,362,339
557,Dolphins Creek Country Estate Golf Club,5300000625,100,135,2680,123,1620,Asus Screen & NUC7CJYH,HNA,64 bit Windows 10 Pro,None,N/A,Club Internet,Magtek 21040108,04.08.2021,04.08.2021,11.01.2022,0 year(s) 5 month(s),313,3130,1282.57,1528.37,0%,0%,274,254
561,COUNTRY CLUB LIMBE,5300000642,100,62,1164,4,220,MSI Windtop 1941,Club,32bit Windows 7 Home Basic SP1,None,N/A,Club Internet,Champtek MR800,06.02.2014,06.02.2014,11.01.2022,7 year(s) 11 month(s),313,3130,1749.95,2134.96,0%,0%,285,264
563,Vulintaba Country Estate,5300000634,100,68,1278,161,781,MSI Windtop 1941,HNA,32bit Windows 7 Home Basic SP1,None,N/A,Club Internet,Magtek 21040108,18.12.2014,10.01.2019,11.01.2022,7 year(s) 0 month(s),365,3650,749.11,749.11,0%,0%,370,347
564,Heron Banks Golf Club,5300000640,100,615,12671,507,3292,Mecer X22S,HNA,64 bit Windows 10 Home,None,N/A,Club Internet,Magtek 21040108,19.12.2016,17.01.2019,11.01.2022,5 year(s) 0 month(s),365,3650,608.84,608.84,0%,0%,122,106
566,The Club at Steyn City,5300000666,50,116,10115,0,0,MSI Windtop 1941,Club,32bit Windows 7 Home Basic SP1,None,N/A,Club Internet,Magtek 21040108,18.08.2014,18.08.2014,11.01.2022,7 year(s) 4 month(s),365,3650,3650,3650,0%,0%,113,40
566,The Club at Steyn City,5300000675,50,116,10115,108,302,MSI AP190,Club,64 bit Windows 8.1,None,N/A,Club Internet,Champtek MR800,11.05.2015,11.05.2015,11.01.2022,6 year(s) 8 month(s),365,3650,1900.62,1900.62,0%,0%,160,40
567,Sardinia Bay Golf Club,5300000687,100,117,2337,107,1434,Mecer X22S,HNA,64 bit Windows 10 Home,None,N/A,Club Internet,Magtek 21040108,17.07.2017,17.07.2017,11.01.2022,4 year(s) 5 month(s),365,3650,566.64,566.64,0%,0%,343,320
571,HIGHLAND GATE GOLF CLUB,5300000683,100,136,12250,33,78,MSI AP190,HNA,64 bit Windows 8.1,None,N/A,Club Internet,Champtek MR800,07.07.2015,07.07.2015,11.01.2022,6 year(s) 6 month(s),365,3650,1320.27,1320.27,0%,0%,161,69
571,HIGHLAND GATE GOLF CLUB,5300000722,100,136,12250,315,855,Mecer X22S,Club,64 bit Windows 10 Home,N/A,N/A,Club Internet,Gigatek MSR250HK,04.12.2018,04.12.2018,11.01.2022,3 year(s) 1 month(s),365,3650,1136.68,1136.68,0%,0%,167,69
576,MBABANE GOLF CLUB,5300000691,100,155,2961,140,4366,MSI AP200,Club,32bit Windows 8.1 Embedded,None,N/A,Club Internet,Gigatek MSR250HK,15.01.2016,15.01.2016,11.01.2022,5 year(s) 11 month(s),52,520,198.02,2305.99,0%,0%,354,331
577,NKONYENI GOLF ESTATE,5300000696,100,95,4156,0,0,MSI AP200,Club,32bit Windows 8.1 Embedded,None,N/A,Club Internet,Gigatek MSR250HK,11.03.2016,11.03.2016,11.01.2022,5 year(s) 10 month(s),365,3650,3425.58,3425.58,0%,0%,153,137
579,UBOMBO COUNTRY CLUB,5300000698,100,20,301,0,0,MECER X22S,Club,64 bit Windows 10 Home,None,N/A,Club Internet,Cipherlab MSR213U,07.06.2016,07.06.2016,11.01.2022,5 year(s) 7 month(s),365,3650,3649.83,3649.83,0%,0%,186,168
581,OLIVEWOOD GOLF CLUB,5300000701,100,94,6919,137,292,Mecer X22S,HNA,64 bit Windows 10 Home,None,N/A,Club Internet,Magtek 21040108,07.10.2016,05.03.2021,11.01.2022,5 year(s) 3 month(s),365,3650,1277.16,1277.16,0%,0%,217,199
585,MAZABUKA GOLF CLUB,5300000708,100,71,659,0,0,Mecer X22S,Club,64 bit Windows 10 Home,N/A,N/A,Club Internet,Gigatek MSR250HK,12.02.2018,12.02.2018,11.01.2022,3 year(s) 10 month(s),365,3650,3649.56,3649.56,0%,0%,171,152
591,NDOLA GOLF CLUB,5300000714,100,145,2421,43,904,Mecer X22S,Club,64 bit Windows 10 Home,N/A,N/A,Club Internet,Gigatek MSR250HK,18.07.2018,18.07.2018,11.01.2022,3 year(s) 5 month(s),365,3650,1665.48,1665.48,0%,0%,240,222
594,NKANA GOLF CLUB,5300000740,100,273,2935,57,407,Dell 3050,Club,64 bit Windows 10 Pro,N/A,N/A,Club Internet,Gigatek MSR250HK,04.05.2021,04.05.2021,11.01.2022,0 year(s) 8 month(s),245,2450,1075.34,2274.53,0%,0%,235,217
605,TRIDENT COUNTRY CLUB,5300000733,100,98,1866,18,72,DELL 3050,Club,64 bit Windows 10 Pro,N/A,N/A,Club Internet,Gigatek MSR250HK,13.05.2019,13.05.2019,11.01.2022,2 year(s) 7 month(s),365,3650,3017.67,3017.67,0%,0%,185,167
607,SUN VALLEY GOLF CLUB,5300000730,100,60,1219,30,258,MSI WINDTOP 1941,HNA,32 bit Windows 7 Home Basic SP1,N/A,N/A,Club Internet,Magtek 21040108,04.03.2014,03.04.2019,11.01.2022,7 year(s) 10 month(s),365,3650,1491.45,1491.45,0%,0%,301,279
622,MUMI GOLF CLUB,5300000728,100,32,38,0,0,Mecer X22S,Club,64 bit Windows 10 Home,N/A,N/A,Club Internet,Gigatek MSR250HK,07.03.2019,07.03.2019,11.01.2022,2 year(s) 10 month(s),365,3650,3650,3650,0%,0%,187,169
641,GLENWOOD GOLF CLUB,5300000742,100,62,1763,75,256,Mecer LE22BW Screen & NUC7CJYH,HNA,64bit Windows 10 Pro,N/A,N/A,Club Internet,Magtek 21040108,18.08.2021,18.08.2021,11.01.2022,0 year(s) 4 month(s),135,1350,135.24,2431.16,0%,0%,415,392
682,BEACHWOOD GOLF CLUB,5300000739,100,118,14462,290,1013,Mecer X22S,HNA,64 bit Windows 10 Pro,N/A,N/A,Club Internet,Partner MSR213U,07.03.2017,11.03.2021,11.01.2022,4 year(s) 10 month(s),365,3650,1385.74,1385.74,0%,0%,146,130
Total,,,,153952,4852845,63901,571554,,,,,,,,,,,,125462,1254620,491074.99,692819.75,%,%,,
